skill_name	forecast_date	predicted_demand	confidence_lower	confidence_upper	model_version	region
AWS	2025-05-01	42.5765	16.7068	68.4462	LinReg_NoSpike_v3	Global
AWS	2025-06-01	41.9459	16.0761	67.8156	LinReg_NoSpike_v3	Global
AWS	2025-07-01	41.5466	15.6768	67.4163	LinReg_NoSpike_v3	Global
AWS	2025-08-01	41.9893	16.1196	67.859	LinReg_NoSpike_v3	Global
AWS	2025-09-01	43.5221	17.6524	69.3918	LinReg_NoSpike_v3	Global
AWS	2025-10-01	46.1009	20.2312	71.9707	LinReg_NoSpike_v3	Global
AWS	2025-11-01	49.5386	23.6688	75.4083	LinReg_NoSpike_v3	Global
AWS	2025-12-01	53.2304	27.3606	79.1001	LinReg_NoSpike_v3	Global
AWS	2026-01-01	56.6908	30.8211	82.5606	LinReg_NoSpike_v3	Global
AWS	2026-02-01	59.3595	33.4897	85.2292	LinReg_NoSpike_v3	Global
AWS	2026-03-01	60.7875	34.9177	86.6572	LinReg_NoSpike_v3	Global
AWS	2026-04-01	61.2698	35.4001	87.1395	LinReg_NoSpike_v3	Global
AWS	2026-05-01	60.8934	35.0236	86.7631	LinReg_NoSpike_v3	Global
AWS	2026-06-01	60.2628	34.393	86.1325	LinReg_NoSpike_v3	Global
AWS	2026-07-01	59.8634	33.9937	85.7332	LinReg_NoSpike_v3	Global
AWS	2026-08-01	60.3062	34.4364	86.1759	LinReg_NoSpike_v3	Global
AWS	2026-09-01	61.839	35.9693	87.7087	LinReg_NoSpike_v3	Global
AWS	2026-10-01	64.4178	38.5481	90.2876	LinReg_NoSpike_v3	Global
AWS	2026-11-01	67.8555	41.9857	93.7252	LinReg_NoSpike_v3	Global
AWS	2026-12-01	71.5472	45.6775	97.417	LinReg_NoSpike_v3	Global
AWS	2027-01-01	75.0077	49.138	100.8775	LinReg_NoSpike_v3	Global
AWS	2027-02-01	77.6764	51.8066	103.5461	LinReg_NoSpike_v3	Global
AWS	2027-03-01	79.1044	53.2346	104.9741	LinReg_NoSpike_v3	Global
AWS	2027-04-01	79.5867	53.717	105.4564	LinReg_NoSpike_v3	Global
AWS	2027-05-01	79.2102	53.3405	105.08	LinReg_NoSpike_v3	Global
AWS	2027-06-01	78.5796	52.7099	104.4494	LinReg_NoSpike_v3	Global
AWS	2027-07-01	78.1803	52.3106	104.0501	LinReg_NoSpike_v3	Global
AWS	2027-08-01	78.6231	52.7533	104.4928	LinReg_NoSpike_v3	Global
AWS	2027-09-01	80.1559	54.2861	106.0256	LinReg_NoSpike_v3	Global
AWS	2027-10-01	82.7347	56.865	108.6044	LinReg_NoSpike_v3	Global
AWS	2027-11-01	85.3333	59.4636	111.2031	LinReg_NoSpike_v3	Global
AWS	2027-12-01	85.3333	59.4636	111.2031	LinReg_NoSpike_v3	Global
Agile	2025-05-01	78.4179	26.5128	130.323	LinReg_NoSpike_v3	Global
Agile	2025-06-01	70.8747	18.9696	122.7798	LinReg_NoSpike_v3	Global
Agile	2025-07-01	65.9273	14.0222	117.8324	LinReg_NoSpike_v3	Global
Agile	2025-08-01	65.8003	13.8952	117.7054	LinReg_NoSpike_v3	Global
Agile	2025-09-01	71.1819	19.2769	123.087	LinReg_NoSpike_v3	Global
Agile	2025-10-01	81.2846	29.3795	133.1896	LinReg_NoSpike_v3	Global
Agile	2025-11-01	94.3001	42.395	146.2051	LinReg_NoSpike_v3	Global
Agile	2025-12-01	107.3057	55.4006	159.2108	LinReg_NoSpike_v3	Global
Agile	2026-01-01	117.7155	65.8104	169.6206	LinReg_NoSpike_v3	Global
Agile	2026-02-01	123.3945	71.4894	175.2996	LinReg_NoSpike_v3	Global
Agile	2026-03-01	123.2962	71.3911	175.2012	LinReg_NoSpike_v3	Global
Agile	2026-04-01	118.656	66.7509	170.5611	LinReg_NoSpike_v3	Global
Agile	2026-05-01	111.1029	59.1978	163.008	LinReg_NoSpike_v3	Global
Agile	2026-06-01	103.5597	51.6546	155.4648	LinReg_NoSpike_v3	Global
Agile	2026-07-01	98.6123	46.7072	150.5174	LinReg_NoSpike_v3	Global
Agile	2026-08-01	98.4853	46.5802	150.3904	LinReg_NoSpike_v3	Global
Agile	2026-09-01	103.867	51.9619	155.772	LinReg_NoSpike_v3	Global
Agile	2026-10-01	113.9696	62.0645	165.8747	LinReg_NoSpike_v3	Global
Agile	2026-11-01	126.9851	75.08	178.8902	LinReg_NoSpike_v3	Global
Agile	2026-12-01	139.9907	88.0856	191.8958	LinReg_NoSpike_v3	Global
Agile	2027-01-01	150.4005	98.4954	202.3056	LinReg_NoSpike_v3	Global
Agile	2027-02-01	156.0795	104.1744	207.9846	LinReg_NoSpike_v3	Global
Agile	2027-03-01	155.9812	104.0761	207.8863	LinReg_NoSpike_v3	Global
Agile	2027-04-01	151.341	99.4359	203.2461	LinReg_NoSpike_v3	Global
Agile	2027-05-01	143.7879	91.8828	195.693	LinReg_NoSpike_v3	Global
Agile	2027-06-01	136.2447	84.3396	188.1498	LinReg_NoSpike_v3	Global
Agile	2027-07-01	131.2973	79.3922	183.2024	LinReg_NoSpike_v3	Global
Agile	2027-08-01	131.1703	79.2652	183.0754	LinReg_NoSpike_v3	Global
Agile	2027-09-01	136.552	84.6469	188.4571	LinReg_NoSpike_v3	Global
Agile	2027-10-01	146.6546	94.7495	198.5597	LinReg_NoSpike_v3	Global
Agile	2027-11-01	159.6701	107.765	211.5752	LinReg_NoSpike_v3	Global
Agile	2027-12-01	170.0	118.0949	221.9051	LinReg_NoSpike_v3	Global
Angular	2025-05-01	15.1824	4.3173	26.0474	LinReg_NoSpike_v3	Global
Angular	2025-06-01	14.7625	3.8975	25.6275	LinReg_NoSpike_v3	Global
Angular	2025-07-01	14.416	3.551	25.281	LinReg_NoSpike_v3	Global
Angular	2025-08-01	14.3995	3.5344	25.2645	LinReg_NoSpike_v3	Global
Angular	2025-09-01	14.8366	3.9716	25.7016	LinReg_NoSpike_v3	Global
Angular	2025-10-01	15.7294	4.8644	26.5945	LinReg_NoSpike_v3	Global
Angular	2025-11-01	17.0027	6.1376	27.8677	LinReg_NoSpike_v3	Global
Angular	2025-12-01	18.418	7.553	29.283	LinReg_NoSpike_v3	Global
Angular	2026-01-01	19.76	8.8949	30.625	LinReg_NoSpike_v3	Global
Angular	2026-02-01	20.7883	9.9233	31.6533	LinReg_NoSpike_v3	Global
Angular	2026-03-01	21.314	10.449	32.179	LinReg_NoSpike_v3	Global
Angular	2026-04-01	21.4166	10.5516	32.2816	LinReg_NoSpike_v3	Global
Angular	2026-05-01	21.1388	10.2738	32.0038	LinReg_NoSpike_v3	Global
Angular	2026-06-01	20.719	9.854	31.584	LinReg_NoSpike_v3	Global
Angular	2026-07-01	20.3725	9.5074	31.2375	LinReg_NoSpike_v3	Global
Angular	2026-08-01	20.3559	9.4909	31.2209	LinReg_NoSpike_v3	Global
Angular	2026-09-01	20.793	9.928	31.658	LinReg_NoSpike_v3	Global
Angular	2026-10-01	21.6859	10.8209	32.5509	LinReg_NoSpike_v3	Global
Angular	2026-11-01	22.9591	12.0941	33.8241	LinReg_NoSpike_v3	Global
Angular	2026-12-01	24.3744	13.5094	35.2394	LinReg_NoSpike_v3	Global
Angular	2027-01-01	25.7164	14.8514	36.5814	LinReg_NoSpike_v3	Global
Angular	2027-02-01	26.7447	15.8797	37.6097	LinReg_NoSpike_v3	Global
Angular	2027-03-01	27.2704	16.4054	38.1355	LinReg_NoSpike_v3	Global
Angular	2027-04-01	27.373	16.508	38.238	LinReg_NoSpike_v3	Global
Angular	2027-05-01	27.0953	16.2303	37.9603	LinReg_NoSpike_v3	Global
Angular	2027-06-01	26.6754	15.8104	37.5404	LinReg_NoSpike_v3	Global
Angular	2027-07-01	26.3289	15.4639	37.1939	LinReg_NoSpike_v3	Global
Angular	2027-08-01	26.3124	15.4474	37.1774	LinReg_NoSpike_v3	Global
Angular	2027-09-01	26.7495	15.8845	37.6145	LinReg_NoSpike_v3	Global
Angular	2027-10-01	27.6424	16.7773	38.5074	LinReg_NoSpike_v3	Global
Angular	2027-11-01	28.9156	18.0506	39.7806	LinReg_NoSpike_v3	Global
Angular	2027-12-01	30.3309	19.4659	41.1959	LinReg_NoSpike_v3	Global
Azure	2025-05-01	32.0496	9.6006	54.4986	LinReg_NoSpike_v3	Global
Azure	2025-06-01	28.9349	6.4859	51.3839	LinReg_NoSpike_v3	Global
Azure	2025-07-01	26.5091	4.0601	48.9581	LinReg_NoSpike_v3	Global
Azure	2025-08-01	25.7554	3.3064	48.2044	LinReg_NoSpike_v3	Global
Azure	2025-09-01	27.1183	4.6693	49.5673	LinReg_NoSpike_v3	Global
Azure	2025-10-01	30.4751	8.0261	52.9241	LinReg_NoSpike_v3	Global
Azure	2025-11-01	35.2596	12.8106	57.7086	LinReg_NoSpike_v3	Global
Azure	2025-12-01	40.3992	17.9502	62.8482	LinReg_NoSpike_v3	Global
Azure	2026-01-01	44.8498	22.4008	67.2988	LinReg_NoSpike_v3	Global
Azure	2026-02-01	47.6616	25.2126	70.1106	LinReg_NoSpike_v3	Global
Azure	2026-03-01	48.2572	25.8082	70.7062	LinReg_NoSpike_v3	Global
Azure	2026-04-01	46.9253	24.4763	69.3743	LinReg_NoSpike_v3	Global
Azure	2026-05-01	44.1656	21.7166	66.6146	LinReg_NoSpike_v3	Global
Azure	2026-06-01	41.0509	18.6019	63.4999	LinReg_NoSpike_v3	Global
Azure	2026-07-01	38.6251	16.1761	61.0741	LinReg_NoSpike_v3	Global
Azure	2026-08-01	37.8714	15.4224	60.3204	LinReg_NoSpike_v3	Global
Azure	2026-09-01	39.2343	16.7853	61.6833	LinReg_NoSpike_v3	Global
Azure	2026-10-01	42.5911	20.1421	65.0401	LinReg_NoSpike_v3	Global
Azure	2026-11-01	47.3756	24.9266	69.8246	LinReg_NoSpike_v3	Global
Azure	2026-12-01	52.5152	30.0662	74.9642	LinReg_NoSpike_v3	Global
Azure	2027-01-01	56.9659	34.5169	79.4149	LinReg_NoSpike_v3	Global
Azure	2027-02-01	59.7776	37.3287	82.2266	LinReg_NoSpike_v3	Global
Azure	2027-03-01	60.3732	37.9243	82.8222	LinReg_NoSpike_v3	Global
Azure	2027-04-01	59.0413	36.5923	81.4903	LinReg_NoSpike_v3	Global
Azure	2027-05-01	56.2816	33.8327	78.7306	LinReg_NoSpike_v3	Global
Azure	2027-06-01	53.167	30.718	75.616	LinReg_NoSpike_v3	Global
Azure	2027-07-01	50.7412	28.2922	73.1901	LinReg_NoSpike_v3	Global
Azure	2027-08-01	49.9875	27.5385	72.4364	LinReg_NoSpike_v3	Global
Azure	2027-09-01	51.3503	28.9013	73.7993	LinReg_NoSpike_v3	Global
Azure	2027-10-01	54.7072	32.2582	77.1561	LinReg_NoSpike_v3	Global
Azure	2027-11-01	59.4917	37.0427	81.9407	LinReg_NoSpike_v3	Global
Azure	2027-12-01	64.6312	42.1822	87.0802	LinReg_NoSpike_v3	Global
CI/CD	2025-05-01	18.3205	5.6354	31.0057	LinReg_NoSpike_v3	Global
CI/CD	2025-06-01	18.3923	5.7071	31.0775	LinReg_NoSpike_v3	Global
CI/CD	2025-07-01	18.1556	5.4705	30.8408	LinReg_NoSpike_v3	Global
CI/CD	2025-08-01	17.879	5.1939	30.5642	LinReg_NoSpike_v3	Global
CI/CD	2025-09-01	17.786	5.1008	30.4712	LinReg_NoSpike_v3	Global
CI/CD	2025-10-01	18.0507	5.3655	30.7359	LinReg_NoSpike_v3	Global
CI/CD	2025-11-01	18.8074	6.1222	31.4925	LinReg_NoSpike_v3	Global
CI/CD	2025-12-01	19.9821	7.297	32.6673	LinReg_NoSpike_v3	Global
CI/CD	2026-01-01	21.4654	8.7802	34.1505	LinReg_NoSpike_v3	Global
CI/CD	2026-02-01	23.0089	10.3238	35.6941	LinReg_NoSpike_v3	Global
CI/CD	2026-03-01	24.3076	11.6225	36.9928	LinReg_NoSpike_v3	Global
CI/CD	2026-04-01	25.2895	12.6043	37.9746	LinReg_NoSpike_v3	Global
CI/CD	2026-05-01	25.7793	13.0942	38.4645	LinReg_NoSpike_v3	Global
CI/CD	2026-06-01	25.8511	13.1659	38.5363	LinReg_NoSpike_v3	Global
CI/CD	2026-07-01	25.6144	12.9293	38.2996	LinReg_NoSpike_v3	Global
CI/CD	2026-08-01	25.3379	12.6527	38.023	LinReg_NoSpike_v3	Global
CI/CD	2026-09-01	25.2448	12.5596	37.93	LinReg_NoSpike_v3	Global
CI/CD	2026-10-01	25.5095	12.8244	38.1947	LinReg_NoSpike_v3	Global
CI/CD	2026-11-01	26.2662	13.581	38.9513	LinReg_NoSpike_v3	Global
CI/CD	2026-12-01	27.441	14.7558	40.1261	LinReg_NoSpike_v3	Global
CI/CD	2027-01-01	28.9242	16.239	41.6093	LinReg_NoSpike_v3	Global
CI/CD	2027-02-01	30.4677	17.7826	43.1529	LinReg_NoSpike_v3	Global
CI/CD	2027-03-01	31.7665	19.0813	44.4516	LinReg_NoSpike_v3	Global
CI/CD	2027-04-01	32.7483	20.0631	45.4334	LinReg_NoSpike_v3	Global
CI/CD	2027-05-01	33.2381	20.553	45.9233	LinReg_NoSpike_v3	Global
CI/CD	2027-06-01	33.3099	20.6248	45.9951	LinReg_NoSpike_v3	Global
CI/CD	2027-07-01	33.0732	20.3881	45.7584	LinReg_NoSpike_v3	Global
CI/CD	2027-08-01	32.7967	20.1115	45.4818	LinReg_NoSpike_v3	Global
CI/CD	2027-09-01	32.7036	20.0185	45.3888	LinReg_NoSpike_v3	Global
CI/CD	2027-10-01	32.9683	20.2832	45.6535	LinReg_NoSpike_v3	Global
CI/CD	2027-11-01	33.725	21.0398	46.4102	LinReg_NoSpike_v3	Global
CI/CD	2027-12-01	34.8998	22.2146	47.5849	LinReg_NoSpike_v3	Global
Cloud	2025-05-01	133.9809	45.0171	222.9447	LinReg_NoSpike_v3	Global
Cloud	2025-06-01	127.6915	38.7277	216.6553	LinReg_NoSpike_v3	Global
Cloud	2025-07-01	122.8913	33.9275	211.8551	LinReg_NoSpike_v3	Global
Cloud	2025-08-01	122.4792	33.5154	211.443	LinReg_NoSpike_v3	Global
Cloud	2025-09-01	127.7396	38.7758	216.7033	LinReg_NoSpike_v3	Global
Cloud	2025-10-01	138.4366	49.4729	227.4004	LinReg_NoSpike_v3	Global
Cloud	2025-11-01	153.317	64.3532	242.2808	LinReg_NoSpike_v3	Global
Cloud	2025-12-01	169.4065	80.4428	258.3703	LinReg_NoSpike_v3	Global
Cloud	2026-01-01	184.007	95.0432	272.9707	LinReg_NoSpike_v3	Global
Cloud	2026-02-01	194.3799	105.4161	283.3436	LinReg_NoSpike_v3	Global
Cloud	2026-03-01	198.5984	109.6346	287.5622	LinReg_NoSpike_v3	Global
Cloud	2026-04-01	197.7015	108.7377	286.6653	LinReg_NoSpike_v3	Global
Cloud	2026-05-01	192.6213	103.6575	281.5851	LinReg_NoSpike_v3	Global
Cloud	2026-06-01	186.3319	97.3681	275.2957	LinReg_NoSpike_v3	Global
Cloud	2026-07-01	181.5317	92.5679	270.4955	LinReg_NoSpike_v3	Global
Cloud	2026-08-01	181.1196	92.1558	270.0834	LinReg_NoSpike_v3	Global
Cloud	2026-09-01	186.38	97.4162	275.3438	LinReg_NoSpike_v3	Global
Cloud	2026-10-01	197.077	108.1133	286.0408	LinReg_NoSpike_v3	Global
Cloud	2026-11-01	211.9574	122.9936	300.9212	LinReg_NoSpike_v3	Global
Cloud	2026-12-01	228.0469	139.0832	317.0107	LinReg_NoSpike_v3	Global
Cloud	2027-01-01	242.6474	153.6836	331.6111	LinReg_NoSpike_v3	Global
Cloud	2027-02-01	253.0203	164.0565	341.984	LinReg_NoSpike_v3	Global
Cloud	2027-03-01	257.2388	168.275	346.2026	LinReg_NoSpike_v3	Global
Cloud	2027-04-01	256.3419	167.3781	345.3057	LinReg_NoSpike_v3	Global
Cloud	2027-05-01	251.2617	162.2979	340.2255	LinReg_NoSpike_v3	Global
Cloud	2027-06-01	244.9723	156.0086	333.9361	LinReg_NoSpike_v3	Global
Cloud	2027-07-01	240.1721	151.2083	329.1359	LinReg_NoSpike_v3	Global
Cloud	2027-08-01	239.76	150.7962	328.7238	LinReg_NoSpike_v3	Global
Cloud	2027-09-01	245.0204	156.0566	333.9842	LinReg_NoSpike_v3	Global
Cloud	2027-10-01	255.7174	166.7537	344.6812	LinReg_NoSpike_v3	Global
Cloud	2027-11-01	270.5978	181.634	359.5616	LinReg_NoSpike_v3	Global
Cloud	2027-12-01	275.3333	186.3695	364.2971	LinReg_NoSpike_v3	Global
Data Science	2025-05-01	17.9121	3.1499	32.6743	LinReg_NoSpike_v3	Global
Data Science	2025-06-01	16.3913	1.6291	31.1535	LinReg_NoSpike_v3	Global
Data Science	2025-07-01	16.0378	1.2756	30.8	LinReg_NoSpike_v3	Global
Data Science	2025-08-01	17.1632	2.401	31.9254	LinReg_NoSpike_v3	Global
Data Science	2025-09-01	19.624	4.8618	34.3862	LinReg_NoSpike_v3	Global
Data Science	2025-10-01	22.9189	8.1567	37.6811	LinReg_NoSpike_v3	Global
Data Science	2025-11-01	26.3821	11.6199	41.1443	LinReg_NoSpike_v3	Global
Data Science	2025-12-01	29.2219	14.4597	43.9841	LinReg_NoSpike_v3	Global
Data Science	2026-01-01	30.8946	16.1324	45.6568	LinReg_NoSpike_v3	Global
Data Science	2026-02-01	31.11	16.3478	45.8722	LinReg_NoSpike_v3	Global
Data Science	2026-03-01	29.925	15.1628	44.6872	LinReg_NoSpike_v3	Global
Data Science	2026-04-01	27.9492	13.187	42.7114	LinReg_NoSpike_v3	Global
Data Science	2026-05-01	25.8052	11.043	40.5674	LinReg_NoSpike_v3	Global
Data Science	2026-06-01	24.2845	9.5223	39.0467	LinReg_NoSpike_v3	Global
Data Science	2026-07-01	23.9309	9.1687	38.6931	LinReg_NoSpike_v3	Global
Data Science	2026-08-01	25.0563	10.2941	39.8185	LinReg_NoSpike_v3	Global
Data Science	2026-09-01	27.5172	12.755	42.2793	LinReg_NoSpike_v3	Global
Data Science	2026-10-01	30.812	16.0498	45.5742	LinReg_NoSpike_v3	Global
Data Science	2026-11-01	34.2752	19.513	49.0374	LinReg_NoSpike_v3	Global
Data Science	2026-12-01	37.1151	22.3529	51.8773	LinReg_NoSpike_v3	Global
Data Science	2027-01-01	38.7878	24.0256	53.55	LinReg_NoSpike_v3	Global
Data Science	2027-02-01	39.0031	24.2409	53.7653	LinReg_NoSpike_v3	Global
Data Science	2027-03-01	37.8181	23.0559	52.5803	LinReg_NoSpike_v3	Global
Data Science	2027-04-01	35.8424	21.0802	50.6046	LinReg_NoSpike_v3	Global
Data Science	2027-05-01	33.6983	18.9361	48.4605	LinReg_NoSpike_v3	Global
Data Science	2027-06-01	32.1776	17.4154	46.9398	LinReg_NoSpike_v3	Global
Data Science	2027-07-01	31.824	17.0618	46.5862	LinReg_NoSpike_v3	Global
Data Science	2027-08-01	32.9494	18.1872	47.7116	LinReg_NoSpike_v3	Global
Data Science	2027-09-01	35.4103	20.6481	50.1725	LinReg_NoSpike_v3	Global
Data Science	2027-10-01	38.7052	23.943	53.4674	LinReg_NoSpike_v3	Global
Data Science	2027-11-01	40.0	25.2378	54.7622	LinReg_NoSpike_v3	Global
Data Science	2027-12-01	40.0	25.2378	54.7622	LinReg_NoSpike_v3	Global
DevOps	2025-05-01	23.0622	8.3015	37.8229	LinReg_NoSpike_v3	Global
DevOps	2025-06-01	22.7946	8.0339	37.5553	LinReg_NoSpike_v3	Global
DevOps	2025-07-01	22.8638	8.1031	37.6246	LinReg_NoSpike_v3	Global
DevOps	2025-08-01	23.5227	8.762	38.2834	LinReg_NoSpike_v3	Global
DevOps	2025-09-01	24.792	10.0313	39.5527	LinReg_NoSpike_v3	Global
DevOps	2025-10-01	26.5291	11.7684	41.2898	LinReg_NoSpike_v3	Global
DevOps	2025-11-01	28.5398	13.7791	43.3005	LinReg_NoSpike_v3	Global
DevOps	2025-12-01	30.4557	15.695	45.2164	LinReg_NoSpike_v3	Global
DevOps	2026-01-01	32.0347	17.274	46.7955	LinReg_NoSpike_v3	Global
DevOps	2026-02-01	33.0512	18.2905	47.8119	LinReg_NoSpike_v3	Global
DevOps	2026-03-01	33.3762	18.6155	48.1369	LinReg_NoSpike_v3	Global
DevOps	2026-04-01	33.2874	18.5267	48.0481	LinReg_NoSpike_v3	Global
DevOps	2026-05-01	32.9251	18.1644	47.6858	LinReg_NoSpike_v3	Global
DevOps	2026-06-01	32.6575	17.8968	47.4182	LinReg_NoSpike_v3	Global
DevOps	2026-07-01	32.7268	17.966	47.4875	LinReg_NoSpike_v3	Global
DevOps	2026-08-01	33.3856	18.6249	48.1463	LinReg_NoSpike_v3	Global
DevOps	2026-09-01	34.6549	19.8942	49.4156	LinReg_NoSpike_v3	Global
DevOps	2026-10-01	36.392	21.6313	51.1527	LinReg_NoSpike_v3	Global
DevOps	2026-11-01	38.4027	23.642	53.1634	LinReg_NoSpike_v3	Global
DevOps	2026-12-01	40.3186	25.5579	55.0793	LinReg_NoSpike_v3	Global
DevOps	2027-01-01	41.8977	27.1369	56.6584	LinReg_NoSpike_v3	Global
DevOps	2027-02-01	42.9141	28.1534	57.6749	LinReg_NoSpike_v3	Global
DevOps	2027-03-01	43.2391	28.4784	57.9998	LinReg_NoSpike_v3	Global
DevOps	2027-04-01	43.1503	28.3896	57.9111	LinReg_NoSpike_v3	Global
DevOps	2027-05-01	42.788	28.0273	57.5487	LinReg_NoSpike_v3	Global
DevOps	2027-06-01	42.5204	27.7597	57.2811	LinReg_NoSpike_v3	Global
DevOps	2027-07-01	42.5897	27.829	57.3504	LinReg_NoSpike_v3	Global
DevOps	2027-08-01	43.2485	28.4878	58.0092	LinReg_NoSpike_v3	Global
DevOps	2027-09-01	44.5178	29.7571	59.2785	LinReg_NoSpike_v3	Global
DevOps	2027-10-01	46.2549	31.4942	61.0156	LinReg_NoSpike_v3	Global
DevOps	2027-11-01	46.6667	31.906	61.4274	LinReg_NoSpike_v3	Global
DevOps	2027-12-01	46.6667	31.906	61.4274	LinReg_NoSpike_v3	Global
Docker	2025-05-01	12.3058	5.5729	19.0386	LinReg_NoSpike_v3	Global
Docker	2025-06-01	12.3909	5.658	19.1237	LinReg_NoSpike_v3	Global
Docker	2025-07-01	12.6629	5.9301	19.3958	LinReg_NoSpike_v3	Global
Docker	2025-08-01	13.1889	6.456	19.9217	LinReg_NoSpike_v3	Global
Docker	2025-09-01	13.9296	7.1968	20.6625	LinReg_NoSpike_v3	Global
Docker	2025-10-01	14.7885	8.0557	21.5213	LinReg_NoSpike_v3	Global
Docker	2025-11-01	15.6752	8.9423	22.408	LinReg_NoSpike_v3	Global
Docker	2025-12-01	16.44	9.7071	23.1728	LinReg_NoSpike_v3	Global
Docker	2026-01-01	17.0178	10.2849	23.7506	LinReg_NoSpike_v3	Global
Docker	2026-02-01	17.3556	10.6228	24.0885	LinReg_NoSpike_v3	Global
Docker	2026-03-01	17.4369	10.704	24.1697	LinReg_NoSpike_v3	Global
Docker	2026-04-01	17.4279	10.695	24.1607	LinReg_NoSpike_v3	Global
Docker	2026-05-01	17.391	10.6582	24.1239	LinReg_NoSpike_v3	Global
Docker	2026-06-01	17.4761	10.7433	24.209	LinReg_NoSpike_v3	Global
Docker	2026-07-01	17.7482	11.0153	24.481	LinReg_NoSpike_v3	Global
Docker	2026-08-01	18.2741	11.5413	25.007	LinReg_NoSpike_v3	Global
Docker	2026-09-01	19.0149	12.282	25.7477	LinReg_NoSpike_v3	Global
Docker	2026-10-01	19.8738	13.1409	26.6066	LinReg_NoSpike_v3	Global
Docker	2026-11-01	20.7604	14.0276	27.4933	LinReg_NoSpike_v3	Global
Docker	2026-12-01	21.5252	14.7924	28.2581	LinReg_NoSpike_v3	Global
Docker	2027-01-01	22.103	15.3702	28.8359	LinReg_NoSpike_v3	Global
Docker	2027-02-01	22.4409	15.708	29.1737	LinReg_NoSpike_v3	Global
Docker	2027-03-01	22.5221	15.7893	29.255	LinReg_NoSpike_v3	Global
Docker	2027-04-01	22.5131	15.7803	29.246	LinReg_NoSpike_v3	Global
Docker	2027-05-01	22.4763	15.7434	29.2091	LinReg_NoSpike_v3	Global
Docker	2027-06-01	22.5614	15.8285	29.2942	LinReg_NoSpike_v3	Global
Docker	2027-07-01	22.8334	16.1006	29.5663	LinReg_NoSpike_v3	Global
Docker	2027-08-01	23.3594	16.6265	30.0922	LinReg_NoSpike_v3	Global
Docker	2027-09-01	24.1001	17.3673	30.833	LinReg_NoSpike_v3	Global
Docker	2027-10-01	24.6667	17.9338	31.3995	LinReg_NoSpike_v3	Global
Docker	2027-11-01	24.6667	17.9338	31.3995	LinReg_NoSpike_v3	Global
Docker	2027-12-01	24.6667	17.9338	31.3995	LinReg_NoSpike_v3	Global
Excel	2025-05-01	568.0799	230.3515	905.8082	LinReg_NoSpike_v3	Global
Excel	2025-06-01	544.4846	206.7562	882.2129	LinReg_NoSpike_v3	Global
Excel	2025-07-01	518.9929	181.2645	856.7212	LinReg_NoSpike_v3	Global
Excel	2025-08-01	505.6203	167.8919	843.3486	LinReg_NoSpike_v3	Global
Excel	2025-09-01	513.1795	175.4511	850.9078	LinReg_NoSpike_v3	Global
Excel	2025-10-01	544.8745	207.1462	882.6029	LinReg_NoSpike_v3	Global
Excel	2025-11-01	599.3977	261.6694	937.1261	LinReg_NoSpike_v3	Global
Excel	2025-12-01	666.6535	328.9251	1004.3818	LinReg_NoSpike_v3	Global
Excel	2026-01-01	735.8055	398.0772	1073.5339	LinReg_NoSpike_v3	Global
Excel	2026-02-01	793.5542	455.8259	1131.2826	LinReg_NoSpike_v3	Global
Excel	2026-03-01	828.2239	490.4956	1165.9523	LinReg_NoSpike_v3	Global
Excel	2026-04-01	840.1893	502.4609	1177.9176	LinReg_NoSpike_v3	Global
Excel	2026-05-01	829.3264	491.5981	1167.0548	LinReg_NoSpike_v3	Global
Excel	2026-06-01	805.7311	468.0028	1143.4595	LinReg_NoSpike_v3	Global
Excel	2026-07-01	780.2394	442.5111	1117.9678	LinReg_NoSpike_v3	Global
Excel	2026-08-01	766.8668	429.1385	1104.5952	LinReg_NoSpike_v3	Global
Excel	2026-09-01	774.426	436.6977	1112.1544	LinReg_NoSpike_v3	Global
Excel	2026-10-01	806.1211	468.3927	1143.8494	LinReg_NoSpike_v3	Global
Excel	2026-11-01	860.6443	522.916	1198.3726	LinReg_NoSpike_v3	Global
Excel	2026-12-01	927.9	590.1717	1265.6283	LinReg_NoSpike_v3	Global
Excel	2027-01-01	997.0521	659.3237	1334.7804	LinReg_NoSpike_v3	Global
Excel	2027-02-01	1054.8008	717.0725	1392.5291	LinReg_NoSpike_v3	Global
Excel	2027-03-01	1089.4705	751.7421	1427.1988	LinReg_NoSpike_v3	Global
Excel	2027-04-01	1101.4358	763.7075	1439.1642	LinReg_NoSpike_v3	Global
Excel	2027-05-01	1090.573	752.8446	1428.3013	LinReg_NoSpike_v3	Global
Excel	2027-06-01	1066.9777	729.2493	1404.706	LinReg_NoSpike_v3	Global
Excel	2027-07-01	1041.486	703.7576	1379.2143	LinReg_NoSpike_v3	Global
Excel	2027-08-01	1028.1134	690.385	1365.8417	LinReg_NoSpike_v3	Global
Excel	2027-09-01	1035.6726	697.9442	1373.4009	LinReg_NoSpike_v3	Global
Excel	2027-10-01	1067.3676	729.6393	1405.096	LinReg_NoSpike_v3	Global
Excel	2027-11-01	1121.8908	784.1625	1459.6192	LinReg_NoSpike_v3	Global
Excel	2027-12-01	1142.6667	804.9383	1480.395	LinReg_NoSpike_v3	Global
Git	2025-05-01	21.9968	9.9946	33.999	LinReg_NoSpike_v3	Global
Git	2025-06-01	22.364	10.3618	34.3662	LinReg_NoSpike_v3	Global
Git	2025-07-01	22.86	10.8578	34.8622	LinReg_NoSpike_v3	Global
Git	2025-08-01	23.6015	11.5993	35.6037	LinReg_NoSpike_v3	Global
Git	2025-09-01	24.5715	12.5693	36.5737	LinReg_NoSpike_v3	Global
Git	2025-10-01	25.6919	13.6897	37.6941	LinReg_NoSpike_v3	Global
Git	2025-11-01	26.912	14.9098	38.9142	LinReg_NoSpike_v3	Global
Git	2025-12-01	28.0618	16.0596	40.064	LinReg_NoSpike_v3	Global
Git	2026-01-01	29.0829	17.0807	41.0851	LinReg_NoSpike_v3	Global
Git	2026-02-01	29.8833	17.8811	41.8855	LinReg_NoSpike_v3	Global
Git	2026-03-01	30.3806	18.3784	42.3828	LinReg_NoSpike_v3	Global
Git	2026-04-01	30.7773	18.7751	42.7795	LinReg_NoSpike_v3	Global
Git	2026-05-01	31.0742	19.072	43.0764	LinReg_NoSpike_v3	Global
Git	2026-06-01	31.4414	19.4392	43.4436	LinReg_NoSpike_v3	Global
Git	2026-07-01	31.9374	19.9352	43.9396	LinReg_NoSpike_v3	Global
Git	2026-08-01	32.6789	20.6767	44.6811	LinReg_NoSpike_v3	Global
Git	2026-09-01	33.6489	21.6467	45.6511	LinReg_NoSpike_v3	Global
Git	2026-10-01	34.7692	22.767	46.7714	LinReg_NoSpike_v3	Global
Git	2026-11-01	35.9894	23.9872	47.9916	LinReg_NoSpike_v3	Global
Git	2026-12-01	37.1392	25.137	49.1414	LinReg_NoSpike_v3	Global
Git	2027-01-01	38.1603	26.1581	50.1625	LinReg_NoSpike_v3	Global
Git	2027-02-01	38.9607	26.9585	50.9629	LinReg_NoSpike_v3	Global
Git	2027-03-01	39.458	27.4558	51.4602	LinReg_NoSpike_v3	Global
Git	2027-04-01	39.8547	27.8525	51.8569	LinReg_NoSpike_v3	Global
Git	2027-05-01	40.1516	28.1494	52.1538	LinReg_NoSpike_v3	Global
Git	2027-06-01	40.5188	28.5166	52.521	LinReg_NoSpike_v3	Global
Git	2027-07-01	41.0148	29.0126	53.017	LinReg_NoSpike_v3	Global
Git	2027-08-01	41.7562	29.7541	53.7584	LinReg_NoSpike_v3	Global
Git	2027-09-01	42.7263	30.7241	54.7285	LinReg_NoSpike_v3	Global
Git	2027-10-01	43.3333	31.3311	55.3355	LinReg_NoSpike_v3	Global
Git	2027-11-01	43.3333	31.3311	55.3355	LinReg_NoSpike_v3	Global
Git	2027-12-01	43.3333	31.3311	55.3355	LinReg_NoSpike_v3	Global
Go	2025-05-01	131.8345	51.5029	212.1661	LinReg_NoSpike_v3	Global
Go	2025-06-01	124.8079	44.4763	205.1395	LinReg_NoSpike_v3	Global
Go	2025-07-01	118.2777	37.946	198.6093	LinReg_NoSpike_v3	Global
Go	2025-08-01	115.6458	35.3142	195.9774	LinReg_NoSpike_v3	Global
Go	2025-09-01	118.8201	38.4885	199.1517	LinReg_NoSpike_v3	Global
Go	2025-10-01	128.1526	47.821	208.4842	LinReg_NoSpike_v3	Global
Go	2025-11-01	142.795	62.4634	223.1266	LinReg_NoSpike_v3	Global
Go	2025-12-01	159.8618	79.5302	240.1934	LinReg_NoSpike_v3	Global
Go	2026-01-01	176.4323	96.1007	256.7639	LinReg_NoSpike_v3	Global
Go	2026-02-01	189.269	108.9374	269.6006	LinReg_NoSpike_v3	Global
Go	2026-03-01	195.8058	115.4742	276.1374	LinReg_NoSpike_v3	Global
Go	2026-04-01	196.5135	116.1819	276.8451	LinReg_NoSpike_v3	Global
Go	2026-05-01	191.9114	111.5798	272.243	LinReg_NoSpike_v3	Global
Go	2026-06-01	184.8848	104.5532	265.2164	LinReg_NoSpike_v3	Global
Go	2026-07-01	178.3545	98.0229	258.6861	LinReg_NoSpike_v3	Global
Go	2026-08-01	175.7227	95.391	256.0543	LinReg_NoSpike_v3	Global
Go	2026-09-01	178.897	98.5653	259.2286	LinReg_NoSpike_v3	Global
Go	2026-10-01	188.2295	107.8979	268.5611	LinReg_NoSpike_v3	Global
Go	2026-11-01	202.8719	122.5402	283.2035	LinReg_NoSpike_v3	Global
Go	2026-12-01	219.9387	139.6071	300.2703	LinReg_NoSpike_v3	Global
Go	2027-01-01	236.5092	156.1776	316.8408	LinReg_NoSpike_v3	Global
Go	2027-02-01	249.3459	169.0143	329.6775	LinReg_NoSpike_v3	Global
Go	2027-03-01	255.8826	175.551	336.2143	LinReg_NoSpike_v3	Global
Go	2027-04-01	256.5904	176.2588	336.922	LinReg_NoSpike_v3	Global
Go	2027-05-01	251.9882	171.6566	332.3198	LinReg_NoSpike_v3	Global
Go	2027-06-01	244.9617	164.63	325.2933	LinReg_NoSpike_v3	Global
Go	2027-07-01	238.4314	158.0998	318.763	LinReg_NoSpike_v3	Global
Go	2027-08-01	235.7995	155.4679	316.1311	LinReg_NoSpike_v3	Global
Go	2027-09-01	238.9738	158.6422	319.3054	LinReg_NoSpike_v3	Global
Go	2027-10-01	248.3064	167.9747	328.638	LinReg_NoSpike_v3	Global
Go	2027-11-01	262.9487	182.6171	343.2803	LinReg_NoSpike_v3	Global
Go	2027-12-01	269.3333	189.0017	349.6649	LinReg_NoSpike_v3	Global
GraphQL	2025-05-01	0.8333	0.5067	1.16	LinReg_NoSpike_v3	Global
GraphQL	2025-06-01	0.8333	0.5067	1.16	LinReg_NoSpike_v3	Global
GraphQL	2025-07-01	0.8333	0.5067	1.16	LinReg_NoSpike_v3	Global
GraphQL	2025-08-01	0.8333	0.5067	1.16	LinReg_NoSpike_v3	Global
GraphQL	2025-09-01	0.8333	0.5067	1.16	LinReg_NoSpike_v3	Global
GraphQL	2025-10-01	1.4385	1.1119	1.7652	LinReg_NoSpike_v3	Global
GraphQL	2025-11-01	3.3333	3.0067	3.66	LinReg_NoSpike_v3	Global
GraphQL	2025-12-01	3.3333	3.0067	3.66	LinReg_NoSpike_v3	Global
GraphQL	2026-01-01	3.3333	3.0067	3.66	LinReg_NoSpike_v3	Global
GraphQL	2026-02-01	3.3333	3.0067	3.66	LinReg_NoSpike_v3	Global
GraphQL	2026-03-01	3.219	2.8923	3.5456	LinReg_NoSpike_v3	Global
GraphQL	2026-04-01	1.219	0.8923	1.5456	LinReg_NoSpike_v3	Global
GraphQL	2026-05-01	0.8333	0.5067	1.16	LinReg_NoSpike_v3	Global
GraphQL	2026-06-01	0.8333	0.5067	1.16	LinReg_NoSpike_v3	Global
GraphQL	2026-07-01	0.8333	0.5067	1.16	LinReg_NoSpike_v3	Global
GraphQL	2026-08-01	0.8333	0.5067	1.16	LinReg_NoSpike_v3	Global
GraphQL	2026-09-01	0.8333	0.5067	1.16	LinReg_NoSpike_v3	Global
GraphQL	2026-10-01	1.6575	1.3308	1.9842	LinReg_NoSpike_v3	Global
GraphQL	2026-11-01	3.3333	3.0067	3.66	LinReg_NoSpike_v3	Global
GraphQL	2026-12-01	3.3333	3.0067	3.66	LinReg_NoSpike_v3	Global
GraphQL	2027-01-01	3.3333	3.0067	3.66	LinReg_NoSpike_v3	Global
GraphQL	2027-02-01	3.3333	3.0067	3.66	LinReg_NoSpike_v3	Global
GraphQL	2027-03-01	3.3333	3.0067	3.66	LinReg_NoSpike_v3	Global
GraphQL	2027-04-01	1.4379	1.1113	1.7646	LinReg_NoSpike_v3	Global
GraphQL	2027-05-01	0.8333	0.5067	1.16	LinReg_NoSpike_v3	Global
GraphQL	2027-06-01	0.8333	0.5067	1.16	LinReg_NoSpike_v3	Global
GraphQL	2027-07-01	0.8333	0.5067	1.16	LinReg_NoSpike_v3	Global
GraphQL	2027-08-01	0.8333	0.5067	1.16	LinReg_NoSpike_v3	Global
GraphQL	2027-09-01	0.8333	0.5067	1.16	LinReg_NoSpike_v3	Global
GraphQL	2027-10-01	1.8765	1.5498	2.2031	LinReg_NoSpike_v3	Global
GraphQL	2027-11-01	3.3333	3.0067	3.66	LinReg_NoSpike_v3	Global
GraphQL	2027-12-01	3.3333	3.0067	3.66	LinReg_NoSpike_v3	Global
Hadoop	2025-05-01	5.2465	3.0611	7.432	LinReg_NoSpike_v3	Global
Hadoop	2025-06-01	6.0816	3.8962	8.267	LinReg_NoSpike_v3	Global
Hadoop	2025-07-01	6.6667	4.4812	8.8521	LinReg_NoSpike_v3	Global
Hadoop	2025-08-01	6.6667	4.4812	8.8521	LinReg_NoSpike_v3	Global
Hadoop	2025-09-01	6.6667	4.4812	8.8521	LinReg_NoSpike_v3	Global
Hadoop	2025-10-01	6.6667	4.4812	8.8521	LinReg_NoSpike_v3	Global
Hadoop	2025-11-01	6.6055	4.4201	8.791	LinReg_NoSpike_v3	Global
Hadoop	2025-12-01	6.1125	3.927	8.2979	LinReg_NoSpike_v3	Global
Hadoop	2026-01-01	5.7583	3.5729	7.9438	LinReg_NoSpike_v3	Global
Hadoop	2026-02-01	5.679	3.4936	7.8644	LinReg_NoSpike_v3	Global
Hadoop	2026-03-01	5.9254	3.74	8.1109	LinReg_NoSpike_v3	Global
Hadoop	2026-04-01	6.5073	4.3219	8.6927	LinReg_NoSpike_v3	Global
Hadoop	2026-05-01	6.6667	4.4812	8.8521	LinReg_NoSpike_v3	Global
Hadoop	2026-06-01	6.6667	4.4812	8.8521	LinReg_NoSpike_v3	Global
Hadoop	2026-07-01	6.6667	4.4812	8.8521	LinReg_NoSpike_v3	Global
Hadoop	2026-08-01	6.6667	4.4812	8.8521	LinReg_NoSpike_v3	Global
Hadoop	2026-09-01	6.6667	4.4812	8.8521	LinReg_NoSpike_v3	Global
Hadoop	2026-10-01	6.6667	4.4812	8.8521	LinReg_NoSpike_v3	Global
Hadoop	2026-11-01	6.6667	4.4812	8.8521	LinReg_NoSpike_v3	Global
Hadoop	2026-12-01	6.6667	4.4812	8.8521	LinReg_NoSpike_v3	Global
Hadoop	2027-01-01	6.6667	4.4812	8.8521	LinReg_NoSpike_v3	Global
Hadoop	2027-02-01	6.6667	4.4812	8.8521	LinReg_NoSpike_v3	Global
Hadoop	2027-03-01	6.6667	4.4812	8.8521	LinReg_NoSpike_v3	Global
Hadoop	2027-04-01	6.6667	4.4812	8.8521	LinReg_NoSpike_v3	Global
Hadoop	2027-05-01	6.6667	4.4812	8.8521	LinReg_NoSpike_v3	Global
Hadoop	2027-06-01	6.6667	4.4812	8.8521	LinReg_NoSpike_v3	Global
Hadoop	2027-07-01	6.6667	4.4812	8.8521	LinReg_NoSpike_v3	Global
Hadoop	2027-08-01	6.6667	4.4812	8.8521	LinReg_NoSpike_v3	Global
Hadoop	2027-09-01	6.6667	4.4812	8.8521	LinReg_NoSpike_v3	Global
Hadoop	2027-10-01	6.6667	4.4812	8.8521	LinReg_NoSpike_v3	Global
Hadoop	2027-11-01	6.6667	4.4812	8.8521	LinReg_NoSpike_v3	Global
Hadoop	2027-12-01	6.6667	4.4812	8.8521	LinReg_NoSpike_v3	Global
Hive	2025-05-01	3.859	1.6483	6.0697	LinReg_NoSpike_v3	Global
Hive	2025-06-01	4.1268	1.9161	6.3375	LinReg_NoSpike_v3	Global
Hive	2025-07-01	4.3329	2.1222	6.5436	LinReg_NoSpike_v3	Global
Hive	2025-08-01	4.4511	2.2404	6.6617	LinReg_NoSpike_v3	Global
Hive	2025-09-01	4.4708	2.2601	6.6815	LinReg_NoSpike_v3	Global
Hive	2025-10-01	4.4079	2.1972	6.6186	LinReg_NoSpike_v3	Global
Hive	2025-11-01	4.3083	2.0976	6.519	LinReg_NoSpike_v3	Global
Hive	2025-12-01	4.2169	2.0062	6.4276	LinReg_NoSpike_v3	Global
Hive	2026-01-01	4.1872	1.9765	6.3979	LinReg_NoSpike_v3	Global
Hive	2026-02-01	4.2483	2.0376	6.459	LinReg_NoSpike_v3	Global
Hive	2026-03-01	4.3992	2.1885	6.6099	LinReg_NoSpike_v3	Global
Hive	2026-04-01	4.6385	2.4278	6.8492	LinReg_NoSpike_v3	Global
Hive	2026-05-01	4.9145	2.7038	7.1252	LinReg_NoSpike_v3	Global
Hive	2026-06-01	5.1823	2.9716	7.393	LinReg_NoSpike_v3	Global
Hive	2026-07-01	5.3884	3.1777	7.5991	LinReg_NoSpike_v3	Global
Hive	2026-08-01	5.5066	3.2959	7.7173	LinReg_NoSpike_v3	Global
Hive	2026-09-01	5.5263	3.3156	7.737	LinReg_NoSpike_v3	Global
Hive	2026-10-01	5.4634	3.2528	7.6741	LinReg_NoSpike_v3	Global
Hive	2026-11-01	5.3638	3.1531	7.5745	LinReg_NoSpike_v3	Global
Hive	2026-12-01	5.2724	3.0617	7.4831	LinReg_NoSpike_v3	Global
Hive	2027-01-01	5.2427	3.032	7.4534	LinReg_NoSpike_v3	Global
Hive	2027-02-01	5.3038	3.0932	7.5145	LinReg_NoSpike_v3	Global
Hive	2027-03-01	5.4547	3.244	7.6654	LinReg_NoSpike_v3	Global
Hive	2027-04-01	5.694	3.4833	7.9047	LinReg_NoSpike_v3	Global
Hive	2027-05-01	5.97	3.7593	8.1807	LinReg_NoSpike_v3	Global
Hive	2027-06-01	6.0	3.7893	8.2107	LinReg_NoSpike_v3	Global
Hive	2027-07-01	6.0	3.7893	8.2107	LinReg_NoSpike_v3	Global
Hive	2027-08-01	6.0	3.7893	8.2107	LinReg_NoSpike_v3	Global
Hive	2027-09-01	6.0	3.7893	8.2107	LinReg_NoSpike_v3	Global
Hive	2027-10-01	6.0	3.7893	8.2107	LinReg_NoSpike_v3	Global
Hive	2027-11-01	6.0	3.7893	8.2107	LinReg_NoSpike_v3	Global
Hive	2027-12-01	6.0	3.7893	8.2107	LinReg_NoSpike_v3	Global
JIRA	2025-05-01	12.4006	3.6996	21.1016	LinReg_NoSpike_v3	Global
JIRA	2025-06-01	11.2576	2.5566	19.9586	LinReg_NoSpike_v3	Global
JIRA	2025-07-01	10.4417	1.7407	19.1426	LinReg_NoSpike_v3	Global
JIRA	2025-08-01	10.2916	1.5906	18.9925	LinReg_NoSpike_v3	Global
JIRA	2025-09-01	10.935	2.234	19.636	LinReg_NoSpike_v3	Global
JIRA	2025-10-01	12.2871	3.5861	20.9881	LinReg_NoSpike_v3	Global
JIRA	2025-11-01	14.1058	5.4048	22.8067	LinReg_NoSpike_v3	Global
JIRA	2025-12-01	15.9791	7.2782	24.6801	LinReg_NoSpike_v3	Global
JIRA	2026-01-01	17.5255	8.8245	26.2265	LinReg_NoSpike_v3	Global
JIRA	2026-02-01	18.4179	9.7169	27.1189	LinReg_NoSpike_v3	Global
JIRA	2026-03-01	18.4809	9.7799	27.1819	LinReg_NoSpike_v3	Global
JIRA	2026-04-01	17.8592	9.1582	26.5602	LinReg_NoSpike_v3	Global
JIRA	2026-05-01	16.7709	8.07	25.4719	LinReg_NoSpike_v3	Global
JIRA	2026-06-01	15.6279	6.927	24.3289	LinReg_NoSpike_v3	Global
JIRA	2026-07-01	14.812	6.111	23.513	LinReg_NoSpike_v3	Global
JIRA	2026-08-01	14.6619	5.9609	23.3629	LinReg_NoSpike_v3	Global
JIRA	2026-09-01	15.3054	6.6044	24.0063	LinReg_NoSpike_v3	Global
JIRA	2026-10-01	16.6575	7.9565	25.3584	LinReg_NoSpike_v3	Global
JIRA	2026-11-01	18.4761	9.7751	27.1771	LinReg_NoSpike_v3	Global
JIRA	2026-12-01	20.3495	11.6485	29.0505	LinReg_NoSpike_v3	Global
JIRA	2027-01-01	21.8958	13.1948	30.5968	LinReg_NoSpike_v3	Global
JIRA	2027-02-01	22.7883	14.0873	31.4892	LinReg_NoSpike_v3	Global
JIRA	2027-03-01	22.8512	14.1502	31.5522	LinReg_NoSpike_v3	Global
JIRA	2027-04-01	22.2295	13.5285	30.9305	LinReg_NoSpike_v3	Global
JIRA	2027-05-01	21.1413	12.4403	29.8422	LinReg_NoSpike_v3	Global
JIRA	2027-06-01	19.9983	11.2973	28.6993	LinReg_NoSpike_v3	Global
JIRA	2027-07-01	19.1823	10.4813	27.8833	LinReg_NoSpike_v3	Global
JIRA	2027-08-01	19.0322	10.3313	27.7332	LinReg_NoSpike_v3	Global
JIRA	2027-09-01	19.6757	10.9747	28.3767	LinReg_NoSpike_v3	Global
JIRA	2027-10-01	21.0278	12.3268	29.7288	LinReg_NoSpike_v3	Global
JIRA	2027-11-01	22.8464	14.1455	31.5474	LinReg_NoSpike_v3	Global
JIRA	2027-12-01	24.7198	16.0188	33.4208	LinReg_NoSpike_v3	Global
Java	2025-05-01	41.5457	11.6607	71.4308	LinReg_NoSpike_v3	Global
Java	2025-06-01	41.5508	11.6658	71.4359	LinReg_NoSpike_v3	Global
Java	2025-07-01	42.3732	12.4882	72.2583	LinReg_NoSpike_v3	Global
Java	2025-08-01	44.2944	14.4093	74.1794	LinReg_NoSpike_v3	Global
Java	2025-09-01	47.1647	17.2797	77.0498	LinReg_NoSpike_v3	Global
Java	2025-10-01	50.5804	20.6954	80.4655	LinReg_NoSpike_v3	Global
Java	2025-11-01	54.1281	24.243	84.0131	LinReg_NoSpike_v3	Global
Java	2025-12-01	57.1723	27.2873	87.0574	LinReg_NoSpike_v3	Global
Java	2026-01-01	59.3993	29.5142	89.2843	LinReg_NoSpike_v3	Global
Java	2026-02-01	60.5775	30.6924	90.4625	LinReg_NoSpike_v3	Global
Java	2026-03-01	60.6565	30.7715	90.5416	LinReg_NoSpike_v3	Global
Java	2026-04-01	60.2902	30.4051	90.1752	LinReg_NoSpike_v3	Global
Java	2026-05-01	59.7919	29.9069	89.677	LinReg_NoSpike_v3	Global
Java	2026-06-01	59.7971	29.912	89.6821	LinReg_NoSpike_v3	Global
Java	2026-07-01	60.6195	30.7344	90.5045	LinReg_NoSpike_v3	Global
Java	2026-08-01	62.5406	32.6555	92.4257	LinReg_NoSpike_v3	Global
Java	2026-09-01	65.411	35.5259	95.296	LinReg_NoSpike_v3	Global
Java	2026-10-01	68.8267	38.9416	98.7117	LinReg_NoSpike_v3	Global
Java	2026-11-01	72.3743	42.4892	102.2593	LinReg_NoSpike_v3	Global
Java	2026-12-01	75.4185	45.5335	105.3036	LinReg_NoSpike_v3	Global
Java	2027-01-01	77.6455	47.7604	107.5305	LinReg_NoSpike_v3	Global
Java	2027-02-01	78.8237	48.9387	108.7088	LinReg_NoSpike_v3	Global
Java	2027-03-01	78.9027	49.0177	108.7878	LinReg_NoSpike_v3	Global
Java	2027-04-01	78.5364	48.6514	108.4215	LinReg_NoSpike_v3	Global
Java	2027-05-01	78.0381	48.1531	107.9232	LinReg_NoSpike_v3	Global
Java	2027-06-01	78.0433	48.1582	107.9283	LinReg_NoSpike_v3	Global
Java	2027-07-01	78.8657	48.9806	108.7507	LinReg_NoSpike_v3	Global
Java	2027-08-01	80.7868	50.9018	110.6719	LinReg_NoSpike_v3	Global
Java	2027-09-01	83.6572	53.7721	113.5422	LinReg_NoSpike_v3	Global
Java	2027-10-01	84.0	54.1149	113.8851	LinReg_NoSpike_v3	Global
Java	2027-11-01	84.0	54.1149	113.8851	LinReg_NoSpike_v3	Global
Java	2027-12-01	84.0	54.1149	113.8851	LinReg_NoSpike_v3	Global
JavaScript	2025-05-01	39.3142	11.9095	66.719	LinReg_NoSpike_v3	Global
JavaScript	2025-06-01	38.4238	11.019	65.8285	LinReg_NoSpike_v3	Global
JavaScript	2025-07-01	38.0581	10.6533	65.4629	LinReg_NoSpike_v3	Global
JavaScript	2025-08-01	38.7469	11.3421	66.1516	LinReg_NoSpike_v3	Global
JavaScript	2025-09-01	40.6197	13.2149	68.0245	LinReg_NoSpike_v3	Global
JavaScript	2025-10-01	43.4889	16.0841	70.8937	LinReg_NoSpike_v3	Global
JavaScript	2025-11-01	47.0174	19.6126	74.4222	LinReg_NoSpike_v3	Global
JavaScript	2025-12-01	50.5309	23.1261	77.9356	LinReg_NoSpike_v3	Global
JavaScript	2026-01-01	53.5195	26.1147	80.9243	LinReg_NoSpike_v3	Global
JavaScript	2026-02-01	55.4967	28.0919	82.9015	LinReg_NoSpike_v3	Global
JavaScript	2026-03-01	56.1609	28.7561	83.5657	LinReg_NoSpike_v3	Global
JavaScript	2026-04-01	55.9146	28.5098	83.3194	LinReg_NoSpike_v3	Global
JavaScript	2026-05-01	55.0091	27.6043	82.4139	LinReg_NoSpike_v3	Global
JavaScript	2026-06-01	54.1186	26.7139	81.5234	LinReg_NoSpike_v3	Global
JavaScript	2026-07-01	53.753	26.3482	81.1577	LinReg_NoSpike_v3	Global
JavaScript	2026-08-01	54.4417	27.037	81.8465	LinReg_NoSpike_v3	Global
JavaScript	2026-09-01	56.3146	28.9098	83.7193	LinReg_NoSpike_v3	Global
JavaScript	2026-10-01	59.1838	31.779	86.5886	LinReg_NoSpike_v3	Global
JavaScript	2026-11-01	62.7123	35.3075	90.1171	LinReg_NoSpike_v3	Global
JavaScript	2026-12-01	66.2257	38.8209	93.6305	LinReg_NoSpike_v3	Global
JavaScript	2027-01-01	69.2144	41.8096	96.6192	LinReg_NoSpike_v3	Global
JavaScript	2027-02-01	71.1916	43.7868	98.5964	LinReg_NoSpike_v3	Global
JavaScript	2027-03-01	71.8557	44.451	99.2605	LinReg_NoSpike_v3	Global
JavaScript	2027-04-01	71.6095	44.2047	99.0143	LinReg_NoSpike_v3	Global
JavaScript	2027-05-01	70.704	43.2992	98.1088	LinReg_NoSpike_v3	Global
JavaScript	2027-06-01	69.8135	42.4087	97.2183	LinReg_NoSpike_v3	Global
JavaScript	2027-07-01	69.4478	42.043	96.8526	LinReg_NoSpike_v3	Global
JavaScript	2027-08-01	70.1366	42.7318	97.5414	LinReg_NoSpike_v3	Global
JavaScript	2027-09-01	72.0094	44.6046	99.4142	LinReg_NoSpike_v3	Global
JavaScript	2027-10-01	74.8787	47.4739	102.2834	LinReg_NoSpike_v3	Global
JavaScript	2027-11-01	78.4071	51.0024	105.8119	LinReg_NoSpike_v3	Global
JavaScript	2027-12-01	80.0	52.5952	107.4048	LinReg_NoSpike_v3	Global
Kafka	2025-05-01	7.0435	6.3249	7.7622	LinReg_NoSpike_v3	Global
Kafka	2025-06-01	7.3333	6.6147	8.052	LinReg_NoSpike_v3	Global
Kafka	2025-07-01	7.3333	6.6147	8.052	LinReg_NoSpike_v3	Global
Kafka	2025-08-01	7.3333	6.6147	8.052	LinReg_NoSpike_v3	Global
Kafka	2025-09-01	7.3333	6.6147	8.052	LinReg_NoSpike_v3	Global
Kafka	2025-10-01	7.3333	6.6147	8.052	LinReg_NoSpike_v3	Global
Kafka	2025-11-01	7.3333	6.6147	8.052	LinReg_NoSpike_v3	Global
Kafka	2025-12-01	7.3333	6.6147	8.052	LinReg_NoSpike_v3	Global
Kafka	2026-01-01	7.3333	6.6147	8.052	LinReg_NoSpike_v3	Global
Kafka	2026-02-01	7.3333	6.6147	8.052	LinReg_NoSpike_v3	Global
Kafka	2026-03-01	7.3333	6.6147	8.052	LinReg_NoSpike_v3	Global
Kafka	2026-04-01	7.3333	6.6147	8.052	LinReg_NoSpike_v3	Global
Kafka	2026-05-01	7.3333	6.6147	8.052	LinReg_NoSpike_v3	Global
Kafka	2026-06-01	7.3333	6.6147	8.052	LinReg_NoSpike_v3	Global
Kafka	2026-07-01	7.3333	6.6147	8.052	LinReg_NoSpike_v3	Global
Kafka	2026-08-01	7.3333	6.6147	8.052	LinReg_NoSpike_v3	Global
Kafka	2026-09-01	7.3333	6.6147	8.052	LinReg_NoSpike_v3	Global
Kafka	2026-10-01	7.3333	6.6147	8.052	LinReg_NoSpike_v3	Global
Kafka	2026-11-01	7.3333	6.6147	8.052	LinReg_NoSpike_v3	Global
Kafka	2026-12-01	7.3333	6.6147	8.052	LinReg_NoSpike_v3	Global
Kafka	2027-01-01	7.3333	6.6147	8.052	LinReg_NoSpike_v3	Global
Kafka	2027-02-01	7.3333	6.6147	8.052	LinReg_NoSpike_v3	Global
Kafka	2027-03-01	7.3333	6.6147	8.052	LinReg_NoSpike_v3	Global
Kafka	2027-04-01	7.3333	6.6147	8.052	LinReg_NoSpike_v3	Global
Kafka	2027-05-01	7.3333	6.6147	8.052	LinReg_NoSpike_v3	Global
Kafka	2027-06-01	7.3333	6.6147	8.052	LinReg_NoSpike_v3	Global
Kafka	2027-07-01	7.3333	6.6147	8.052	LinReg_NoSpike_v3	Global
Kafka	2027-08-01	7.3333	6.6147	8.052	LinReg_NoSpike_v3	Global
Kafka	2027-09-01	7.3333	6.6147	8.052	LinReg_NoSpike_v3	Global
Kafka	2027-10-01	7.3333	6.6147	8.052	LinReg_NoSpike_v3	Global
Kafka	2027-11-01	7.3333	6.6147	8.052	LinReg_NoSpike_v3	Global
Kafka	2027-12-01	7.3333	6.6147	8.052	LinReg_NoSpike_v3	Global
Kotlin	2025-05-01	4.6359	4.0479	5.2239	LinReg_NoSpike_v3	Global
Kotlin	2025-06-01	3.6673	3.0793	4.2553	LinReg_NoSpike_v3	Global
Kotlin	2025-07-01	2.3452	1.7572	2.9332	LinReg_NoSpike_v3	Global
Kotlin	2025-08-01	1.5	0.912	2.088	LinReg_NoSpike_v3	Global
Kotlin	2025-09-01	1.5	0.912	2.088	LinReg_NoSpike_v3	Global
Kotlin	2025-10-01	1.5	0.912	2.088	LinReg_NoSpike_v3	Global
Kotlin	2025-11-01	1.5	0.912	2.088	LinReg_NoSpike_v3	Global
Kotlin	2025-12-01	1.5	0.912	2.088	LinReg_NoSpike_v3	Global
Kotlin	2026-01-01	2.0103	1.4223	2.5983	LinReg_NoSpike_v3	Global
Kotlin	2026-02-01	3.2613	2.6733	3.8493	LinReg_NoSpike_v3	Global
Kotlin	2026-03-01	4.1814	3.5934	4.7694	LinReg_NoSpike_v3	Global
Kotlin	2026-04-01	4.5058	3.9178	5.0938	LinReg_NoSpike_v3	Global
Kotlin	2026-05-01	4.1418	3.5538	4.7298	LinReg_NoSpike_v3	Global
Kotlin	2026-06-01	3.1732	2.5852	3.7612	LinReg_NoSpike_v3	Global
Kotlin	2026-07-01	1.8511	1.2631	2.4391	LinReg_NoSpike_v3	Global
Kotlin	2026-08-01	1.5	0.912	2.088	LinReg_NoSpike_v3	Global
Kotlin	2026-09-01	1.5	0.912	2.088	LinReg_NoSpike_v3	Global
Kotlin	2026-10-01	1.5	0.912	2.088	LinReg_NoSpike_v3	Global
Kotlin	2026-11-01	1.5	0.912	2.088	LinReg_NoSpike_v3	Global
Kotlin	2026-12-01	1.5	0.912	2.088	LinReg_NoSpike_v3	Global
Kotlin	2027-01-01	1.5161	0.9281	2.1041	LinReg_NoSpike_v3	Global
Kotlin	2027-02-01	2.7671	2.1791	3.3551	LinReg_NoSpike_v3	Global
Kotlin	2027-03-01	3.6872	3.0992	4.2752	LinReg_NoSpike_v3	Global
Kotlin	2027-04-01	4.0116	3.4236	4.5996	LinReg_NoSpike_v3	Global
Kotlin	2027-05-01	3.6476	3.0596	4.2356	LinReg_NoSpike_v3	Global
Kotlin	2027-06-01	2.679	2.091	3.267	LinReg_NoSpike_v3	Global
Kotlin	2027-07-01	1.5	0.912	2.088	LinReg_NoSpike_v3	Global
Kotlin	2027-08-01	1.5	0.912	2.088	LinReg_NoSpike_v3	Global
Kotlin	2027-09-01	1.5	0.912	2.088	LinReg_NoSpike_v3	Global
Kotlin	2027-10-01	1.5	0.912	2.088	LinReg_NoSpike_v3	Global
Kotlin	2027-11-01	1.5	0.912	2.088	LinReg_NoSpike_v3	Global
Kotlin	2027-12-01	1.5	0.912	2.088	LinReg_NoSpike_v3	Global
Kubernetes	2025-05-01	11.2008	4.5306	17.871	LinReg_NoSpike_v3	Global
Kubernetes	2025-06-01	12.0708	5.4006	18.741	LinReg_NoSpike_v3	Global
Kubernetes	2025-07-01	13.0372	6.367	19.7074	LinReg_NoSpike_v3	Global
Kubernetes	2025-08-01	13.9775	7.3073	20.6477	LinReg_NoSpike_v3	Global
Kubernetes	2025-09-01	14.7388	8.0686	21.409	LinReg_NoSpike_v3	Global
Kubernetes	2025-10-01	15.2163	8.5461	21.8865	LinReg_NoSpike_v3	Global
Kubernetes	2025-11-01	15.4184	8.7482	22.0886	LinReg_NoSpike_v3	Global
Kubernetes	2025-12-01	15.3765	8.7063	22.0467	LinReg_NoSpike_v3	Global
Kubernetes	2026-01-01	15.2381	8.5679	21.9083	LinReg_NoSpike_v3	Global
Kubernetes	2026-02-01	15.1395	8.4693	21.8097	LinReg_NoSpike_v3	Global
Kubernetes	2026-03-01	15.1791	8.5089	21.8493	LinReg_NoSpike_v3	Global
Kubernetes	2026-04-01	15.5297	8.8594	22.1999	LinReg_NoSpike_v3	Global
Kubernetes	2026-05-01	16.1556	9.4854	22.8258	LinReg_NoSpike_v3	Global
Kubernetes	2026-06-01	17.0256	10.3554	23.6958	LinReg_NoSpike_v3	Global
Kubernetes	2026-07-01	17.992	11.3218	24.6622	LinReg_NoSpike_v3	Global
Kubernetes	2026-08-01	18.9323	12.2621	25.6025	LinReg_NoSpike_v3	Global
Kubernetes	2026-09-01	19.6936	13.0234	26.3638	LinReg_NoSpike_v3	Global
Kubernetes	2026-10-01	20.1711	13.5009	26.8413	LinReg_NoSpike_v3	Global
Kubernetes	2026-11-01	20.3732	13.703	27.0434	LinReg_NoSpike_v3	Global
Kubernetes	2026-12-01	20.3313	13.6611	27.0015	LinReg_NoSpike_v3	Global
Kubernetes	2027-01-01	20.1929	13.5227	26.8631	LinReg_NoSpike_v3	Global
Kubernetes	2027-02-01	20.0943	13.4241	26.7645	LinReg_NoSpike_v3	Global
Kubernetes	2027-03-01	20.1339	13.4637	26.8041	LinReg_NoSpike_v3	Global
Kubernetes	2027-04-01	20.4845	13.8142	27.1547	LinReg_NoSpike_v3	Global
Kubernetes	2027-05-01	21.1104	14.4402	27.7806	LinReg_NoSpike_v3	Global
Kubernetes	2027-06-01	21.3333	14.6631	28.0035	LinReg_NoSpike_v3	Global
Kubernetes	2027-07-01	21.3333	14.6631	28.0035	LinReg_NoSpike_v3	Global
Kubernetes	2027-08-01	21.3333	14.6631	28.0035	LinReg_NoSpike_v3	Global
Kubernetes	2027-09-01	21.3333	14.6631	28.0035	LinReg_NoSpike_v3	Global
Kubernetes	2027-10-01	21.3333	14.6631	28.0035	LinReg_NoSpike_v3	Global
Kubernetes	2027-11-01	21.3333	14.6631	28.0035	LinReg_NoSpike_v3	Global
Kubernetes	2027-12-01	21.3333	14.6631	28.0035	LinReg_NoSpike_v3	Global
Linux	2025-05-01	41.1819	35.6939	46.6699	LinReg_NoSpike_v3	Global
Linux	2025-06-01	43.4288	37.9408	48.9168	LinReg_NoSpike_v3	Global
Linux	2025-07-01	44.7598	39.2718	50.2478	LinReg_NoSpike_v3	Global
Linux	2025-08-01	45.3332	39.8452	50.8212	LinReg_NoSpike_v3	Global
Linux	2025-09-01	45.37	39.882	50.858	LinReg_NoSpike_v3	Global
Linux	2025-10-01	45.2352	39.7472	50.7232	LinReg_NoSpike_v3	Global
Linux	2025-11-01	45.4797	39.9917	50.9677	LinReg_NoSpike_v3	Global
Linux	2025-12-01	46.3614	40.8734	51.8494	LinReg_NoSpike_v3	Global
Linux	2026-01-01	48.159	42.671	53.647	LinReg_NoSpike_v3	Global
Linux	2026-02-01	50.7654	45.2774	56.2534	LinReg_NoSpike_v3	Global
Linux	2026-03-01	53.7545	48.2665	59.2425	LinReg_NoSpike_v3	Global
Linux	2026-04-01	56.0	50.512	61.488	LinReg_NoSpike_v3	Global
Linux	2026-05-01	56.0	50.512	61.488	LinReg_NoSpike_v3	Global
Linux	2026-06-01	56.0	50.512	61.488	LinReg_NoSpike_v3	Global
Linux	2026-07-01	56.0	50.512	61.488	LinReg_NoSpike_v3	Global
Linux	2026-08-01	56.0	50.512	61.488	LinReg_NoSpike_v3	Global
Linux	2026-09-01	56.0	50.512	61.488	LinReg_NoSpike_v3	Global
Linux	2026-10-01	56.0	50.512	61.488	LinReg_NoSpike_v3	Global
Linux	2026-11-01	56.0	50.512	61.488	LinReg_NoSpike_v3	Global
Linux	2026-12-01	56.0	50.512	61.488	LinReg_NoSpike_v3	Global
Linux	2027-01-01	56.0	50.512	61.488	LinReg_NoSpike_v3	Global
Linux	2027-02-01	56.0	50.512	61.488	LinReg_NoSpike_v3	Global
Linux	2027-03-01	56.0	50.512	61.488	LinReg_NoSpike_v3	Global
Linux	2027-04-01	56.0	50.512	61.488	LinReg_NoSpike_v3	Global
Linux	2027-05-01	56.0	50.512	61.488	LinReg_NoSpike_v3	Global
Linux	2027-06-01	56.0	50.512	61.488	LinReg_NoSpike_v3	Global
Linux	2027-07-01	56.0	50.512	61.488	LinReg_NoSpike_v3	Global
Linux	2027-08-01	56.0	50.512	61.488	LinReg_NoSpike_v3	Global
Linux	2027-09-01	56.0	50.512	61.488	LinReg_NoSpike_v3	Global
Linux	2027-10-01	56.0	50.512	61.488	LinReg_NoSpike_v3	Global
Linux	2027-11-01	56.0	50.512	61.488	LinReg_NoSpike_v3	Global
Linux	2027-12-01	56.0	50.512	61.488	LinReg_NoSpike_v3	Global
Looker	2025-05-01	6.0	5.412	6.588	LinReg_NoSpike_v3	Global
Looker	2025-06-01	6.0	5.412	6.588	LinReg_NoSpike_v3	Global
Looker	2025-07-01	6.0	5.412	6.588	LinReg_NoSpike_v3	Global
Looker	2025-08-01	6.0	5.412	6.588	LinReg_NoSpike_v3	Global
Looker	2025-09-01	6.0	5.412	6.588	LinReg_NoSpike_v3	Global
Looker	2025-10-01	5.2573	4.6693	5.8453	LinReg_NoSpike_v3	Global
Looker	2025-11-01	3.5212	2.9332	4.1092	LinReg_NoSpike_v3	Global
Looker	2025-12-01	2.3256	1.7376	2.9136	LinReg_NoSpike_v3	Global
Looker	2026-01-01	2.0255	1.4375	2.6135	LinReg_NoSpike_v3	Global
Looker	2026-02-01	2.7264	2.1384	3.3144	LinReg_NoSpike_v3	Global
Looker	2026-03-01	4.2589	3.6709	4.8469	LinReg_NoSpike_v3	Global
Looker	2026-04-01	6.0	5.412	6.588	LinReg_NoSpike_v3	Global
Looker	2026-05-01	6.0	5.412	6.588	LinReg_NoSpike_v3	Global
Looker	2026-06-01	6.0	5.412	6.588	LinReg_NoSpike_v3	Global
Looker	2026-07-01	6.0	5.412	6.588	LinReg_NoSpike_v3	Global
Looker	2026-08-01	6.0	5.412	6.588	LinReg_NoSpike_v3	Global
Looker	2026-09-01	6.0	5.412	6.588	LinReg_NoSpike_v3	Global
Looker	2026-10-01	6.0	5.412	6.588	LinReg_NoSpike_v3	Global
Looker	2026-11-01	4.7801	4.1921	5.3681	LinReg_NoSpike_v3	Global
Looker	2026-12-01	3.5845	2.9965	4.1725	LinReg_NoSpike_v3	Global
Looker	2027-01-01	3.2843	2.6963	3.8723	LinReg_NoSpike_v3	Global
Looker	2027-02-01	3.9853	3.3973	4.5733	LinReg_NoSpike_v3	Global
Looker	2027-03-01	5.5178	4.9298	6.1058	LinReg_NoSpike_v3	Global
Looker	2027-04-01	6.0	5.412	6.588	LinReg_NoSpike_v3	Global
Looker	2027-05-01	6.0	5.412	6.588	LinReg_NoSpike_v3	Global
Looker	2027-06-01	6.0	5.412	6.588	LinReg_NoSpike_v3	Global
Looker	2027-07-01	6.0	5.412	6.588	LinReg_NoSpike_v3	Global
Looker	2027-08-01	6.0	5.412	6.588	LinReg_NoSpike_v3	Global
Looker	2027-09-01	6.0	5.412	6.588	LinReg_NoSpike_v3	Global
Looker	2027-10-01	6.0	5.412	6.588	LinReg_NoSpike_v3	Global
Looker	2027-11-01	6.0	5.412	6.588	LinReg_NoSpike_v3	Global
Looker	2027-12-01	4.8434	4.2554	5.4314	LinReg_NoSpike_v3	Global
Machine Learning	2025-05-01	19.1172	6.4345	31.7999	LinReg_NoSpike_v3	Global
Machine Learning	2025-06-01	17.8922	5.2095	30.5748	LinReg_NoSpike_v3	Global
Machine Learning	2025-07-01	17.0071	4.3244	29.6898	LinReg_NoSpike_v3	Global
Machine Learning	2025-08-01	16.921	4.2383	29.6037	LinReg_NoSpike_v3	Global
Machine Learning	2025-09-01	17.8184	5.1357	30.5011	LinReg_NoSpike_v3	Global
Machine Learning	2025-10-01	19.6204	6.9377	32.3031	LinReg_NoSpike_v3	Global
Machine Learning	2025-11-01	22.066	9.3833	34.7486	LinReg_NoSpike_v3	Global
Machine Learning	2025-12-01	24.6392	11.9565	37.3219	LinReg_NoSpike_v3	Global
Machine Learning	2026-01-01	26.8725	14.1898	39.5552	LinReg_NoSpike_v3	Global
Machine Learning	2026-02-01	28.3289	15.6463	41.0116	LinReg_NoSpike_v3	Global
Machine Learning	2026-03-01	28.7355	16.0528	41.4182	LinReg_NoSpike_v3	Global
Machine Learning	2026-04-01	28.2818	15.5991	40.9644	LinReg_NoSpike_v3	Global
Machine Learning	2026-05-01	27.1844	14.5017	39.8671	LinReg_NoSpike_v3	Global
Machine Learning	2026-06-01	25.9594	13.2767	38.6421	LinReg_NoSpike_v3	Global
Machine Learning	2026-07-01	25.0743	12.3916	37.757	LinReg_NoSpike_v3	Global
Machine Learning	2026-08-01	24.9882	12.3055	37.6709	LinReg_NoSpike_v3	Global
Machine Learning	2026-09-01	25.8856	13.203	38.5683	LinReg_NoSpike_v3	Global
Machine Learning	2026-10-01	27.6876	15.0049	40.3703	LinReg_NoSpike_v3	Global
Machine Learning	2026-11-01	30.1332	17.4505	42.8159	LinReg_NoSpike_v3	Global
Machine Learning	2026-12-01	32.7064	20.0238	45.3891	LinReg_NoSpike_v3	Global
Machine Learning	2027-01-01	34.9397	22.2571	47.6224	LinReg_NoSpike_v3	Global
Machine Learning	2027-02-01	36.3962	23.7135	49.0788	LinReg_NoSpike_v3	Global
Machine Learning	2027-03-01	36.8027	24.1201	49.4854	LinReg_NoSpike_v3	Global
Machine Learning	2027-04-01	36.349	23.6663	49.0316	LinReg_NoSpike_v3	Global
Machine Learning	2027-05-01	35.2516	22.569	47.9343	LinReg_NoSpike_v3	Global
Machine Learning	2027-06-01	34.0266	21.3439	46.7093	LinReg_NoSpike_v3	Global
Machine Learning	2027-07-01	33.1415	20.4589	45.8242	LinReg_NoSpike_v3	Global
Machine Learning	2027-08-01	33.0554	20.3728	45.7381	LinReg_NoSpike_v3	Global
Machine Learning	2027-09-01	33.9529	21.2702	46.6355	LinReg_NoSpike_v3	Global
Machine Learning	2027-10-01	35.7548	23.0722	48.4375	LinReg_NoSpike_v3	Global
Machine Learning	2027-11-01	38.2004	25.5177	50.8831	LinReg_NoSpike_v3	Global
Machine Learning	2027-12-01	40.0	27.3173	52.6827	LinReg_NoSpike_v3	Global
Microservices	2025-05-01	11.0365	2.4811	19.5919	LinReg_NoSpike_v3	Global
Microservices	2025-06-01	10.4829	1.9275	19.0382	LinReg_NoSpike_v3	Global
Microservices	2025-07-01	10.0222	1.4668	18.5775	LinReg_NoSpike_v3	Global
Microservices	2025-08-01	9.902	1.3467	18.4574	LinReg_NoSpike_v3	Global
Microservices	2025-09-01	10.245	1.6897	18.8004	LinReg_NoSpike_v3	Global
Microservices	2025-10-01	11.0496	2.4942	19.605	LinReg_NoSpike_v3	Global
Microservices	2025-11-01	12.2244	3.669	20.7797	LinReg_NoSpike_v3	Global
Microservices	2025-12-01	13.5325	4.9772	22.0879	LinReg_NoSpike_v3	Global
Microservices	2026-01-01	14.7478	6.1924	23.3031	LinReg_NoSpike_v3	Global
Microservices	2026-02-01	15.6348	7.0794	24.1902	LinReg_NoSpike_v3	Global
Microservices	2026-03-01	16.0216	7.4663	24.577	LinReg_NoSpike_v3	Global
Microservices	2026-04-01	15.9716	7.4162	24.5269	LinReg_NoSpike_v3	Global
Microservices	2026-05-01	15.5513	6.996	24.1067	LinReg_NoSpike_v3	Global
Microservices	2026-06-01	14.9977	6.4423	23.5531	LinReg_NoSpike_v3	Global
Microservices	2026-07-01	14.537	5.9817	23.0924	LinReg_NoSpike_v3	Global
Microservices	2026-08-01	14.4169	5.8615	22.9722	LinReg_NoSpike_v3	Global
Microservices	2026-09-01	14.7599	6.2045	23.3152	LinReg_NoSpike_v3	Global
Microservices	2026-10-01	15.5644	7.0091	24.1198	LinReg_NoSpike_v3	Global
Microservices	2026-11-01	16.7392	8.1838	25.2946	LinReg_NoSpike_v3	Global
Microservices	2026-12-01	18.0474	9.492	26.6027	LinReg_NoSpike_v3	Global
Microservices	2027-01-01	19.2626	10.7072	27.818	LinReg_NoSpike_v3	Global
Microservices	2027-02-01	20.1496	11.5943	28.705	LinReg_NoSpike_v3	Global
Microservices	2027-03-01	20.5365	11.9811	29.0918	LinReg_NoSpike_v3	Global
Microservices	2027-04-01	20.4864	11.9311	29.0418	LinReg_NoSpike_v3	Global
Microservices	2027-05-01	20.0662	11.5108	28.6216	LinReg_NoSpike_v3	Global
Microservices	2027-06-01	19.5126	10.9572	28.0679	LinReg_NoSpike_v3	Global
Microservices	2027-07-01	19.0519	10.4965	27.6072	LinReg_NoSpike_v3	Global
Microservices	2027-08-01	18.9317	10.3764	27.4871	LinReg_NoSpike_v3	Global
Microservices	2027-09-01	19.2747	10.7193	27.8301	LinReg_NoSpike_v3	Global
Microservices	2027-10-01	20.0793	11.5239	28.6346	LinReg_NoSpike_v3	Global
Microservices	2027-11-01	21.254	12.6987	29.8094	LinReg_NoSpike_v3	Global
Microservices	2027-12-01	22.5622	14.0069	31.1176	LinReg_NoSpike_v3	Global
MongoDB	2025-05-01	8.0643	5.0956	11.0329	LinReg_NoSpike_v3	Global
MongoDB	2025-06-01	8.6636	5.695	11.6323	LinReg_NoSpike_v3	Global
MongoDB	2025-07-01	9.3737	6.405	12.3423	LinReg_NoSpike_v3	Global
MongoDB	2025-08-01	10.088	7.1194	13.0566	LinReg_NoSpike_v3	Global
MongoDB	2025-09-01	10.6762	7.7075	13.6448	LinReg_NoSpike_v3	Global
MongoDB	2025-10-01	11.0415	8.0729	14.0102	LinReg_NoSpike_v3	Global
MongoDB	2025-11-01	11.1701	8.2014	14.1387	LinReg_NoSpike_v3	Global
MongoDB	2025-12-01	11.08	8.1113	14.0486	LinReg_NoSpike_v3	Global
MongoDB	2026-01-01	10.8791	7.9105	13.8478	LinReg_NoSpike_v3	Global
MongoDB	2026-02-01	10.6824	7.7138	13.651	LinReg_NoSpike_v3	Global
MongoDB	2026-03-01	10.5868	7.6181	13.5554	LinReg_NoSpike_v3	Global
MongoDB	2026-04-01	10.7306	7.762	13.6992	LinReg_NoSpike_v3	Global
MongoDB	2026-05-01	11.1113	8.1427	14.0799	LinReg_NoSpike_v3	Global
MongoDB	2026-06-01	11.7107	8.742	14.6793	LinReg_NoSpike_v3	Global
MongoDB	2026-07-01	12.4207	9.4521	15.3894	LinReg_NoSpike_v3	Global
MongoDB	2026-08-01	13.135	10.1664	16.1037	LinReg_NoSpike_v3	Global
MongoDB	2026-09-01	13.3333	10.3647	16.302	LinReg_NoSpike_v3	Global
MongoDB	2026-10-01	13.3333	10.3647	16.302	LinReg_NoSpike_v3	Global
MongoDB	2026-11-01	13.3333	10.3647	16.302	LinReg_NoSpike_v3	Global
MongoDB	2026-12-01	13.3333	10.3647	16.302	LinReg_NoSpike_v3	Global
MongoDB	2027-01-01	13.3333	10.3647	16.302	LinReg_NoSpike_v3	Global
MongoDB	2027-02-01	13.3333	10.3647	16.302	LinReg_NoSpike_v3	Global
MongoDB	2027-03-01	13.3333	10.3647	16.302	LinReg_NoSpike_v3	Global
MongoDB	2027-04-01	13.3333	10.3647	16.302	LinReg_NoSpike_v3	Global
MongoDB	2027-05-01	13.3333	10.3647	16.302	LinReg_NoSpike_v3	Global
MongoDB	2027-06-01	13.3333	10.3647	16.302	LinReg_NoSpike_v3	Global
MongoDB	2027-07-01	13.3333	10.3647	16.302	LinReg_NoSpike_v3	Global
MongoDB	2027-08-01	13.3333	10.3647	16.302	LinReg_NoSpike_v3	Global
MongoDB	2027-09-01	13.3333	10.3647	16.302	LinReg_NoSpike_v3	Global
MongoDB	2027-10-01	13.3333	10.3647	16.302	LinReg_NoSpike_v3	Global
MongoDB	2027-11-01	13.3333	10.3647	16.302	LinReg_NoSpike_v3	Global
MongoDB	2027-12-01	13.3333	10.3647	16.302	LinReg_NoSpike_v3	Global
MySQL	2025-05-01	25.417	6.6007	44.2332	LinReg_NoSpike_v3	Global
MySQL	2025-06-01	26.0579	7.2417	44.8742	LinReg_NoSpike_v3	Global
MySQL	2025-07-01	26.6537	7.8375	45.47	LinReg_NoSpike_v3	Global
MySQL	2025-08-01	27.3353	8.5191	46.1516	LinReg_NoSpike_v3	Global
MySQL	2025-09-01	28.1317	9.3154	46.9479	LinReg_NoSpike_v3	Global
MySQL	2025-10-01	29.0409	10.2246	47.8571	LinReg_NoSpike_v3	Global
MySQL	2025-11-01	30.11	11.2937	48.9262	LinReg_NoSpike_v3	Global
MySQL	2025-12-01	31.2351	12.4188	50.0514	LinReg_NoSpike_v3	Global
MySQL	2026-01-01	32.4054	13.5891	51.2217	LinReg_NoSpike_v3	Global
MySQL	2026-02-01	33.5189	14.7026	52.3351	LinReg_NoSpike_v3	Global
MySQL	2026-03-01	34.4307	15.6145	53.247	LinReg_NoSpike_v3	Global
MySQL	2026-04-01	35.2876	16.4714	54.1039	LinReg_NoSpike_v3	Global
MySQL	2026-05-01	35.9846	17.1684	54.8009	LinReg_NoSpike_v3	Global
MySQL	2026-06-01	36.6256	17.8093	55.4418	LinReg_NoSpike_v3	Global
MySQL	2026-07-01	37.2214	18.4051	56.0376	LinReg_NoSpike_v3	Global
MySQL	2026-08-01	37.903	19.0867	56.7192	LinReg_NoSpike_v3	Global
MySQL	2026-09-01	38.6993	19.883	57.5156	LinReg_NoSpike_v3	Global
MySQL	2026-10-01	39.6085	20.7923	58.4248	LinReg_NoSpike_v3	Global
MySQL	2026-11-01	40.6776	21.8614	59.4939	LinReg_NoSpike_v3	Global
MySQL	2026-12-01	41.8028	22.9865	60.619	LinReg_NoSpike_v3	Global
MySQL	2027-01-01	42.9731	24.1568	61.7893	LinReg_NoSpike_v3	Global
MySQL	2027-02-01	44.0865	25.2702	62.9028	LinReg_NoSpike_v3	Global
MySQL	2027-03-01	44.9984	26.1821	63.8146	LinReg_NoSpike_v3	Global
MySQL	2027-04-01	45.8553	27.039	64.6715	LinReg_NoSpike_v3	Global
MySQL	2027-05-01	46.5523	27.736	65.3685	LinReg_NoSpike_v3	Global
MySQL	2027-06-01	47.1932	28.377	66.0095	LinReg_NoSpike_v3	Global
MySQL	2027-07-01	47.789	28.9728	66.6053	LinReg_NoSpike_v3	Global
MySQL	2027-08-01	48.4706	29.6544	67.2869	LinReg_NoSpike_v3	Global
MySQL	2027-09-01	49.267	30.4507	68.0832	LinReg_NoSpike_v3	Global
MySQL	2027-10-01	49.3333	30.5171	68.1496	LinReg_NoSpike_v3	Global
MySQL	2027-11-01	49.3333	30.5171	68.1496	LinReg_NoSpike_v3	Global
MySQL	2027-12-01	49.3333	30.5171	68.1496	LinReg_NoSpike_v3	Global
Node.js	2025-05-01	11.397	8.8254	13.9686	LinReg_NoSpike_v3	Global
Node.js	2025-06-01	11.6554	9.0838	14.2271	LinReg_NoSpike_v3	Global
Node.js	2025-07-01	11.9112	9.3396	14.4828	LinReg_NoSpike_v3	Global
Node.js	2025-08-01	12.2271	9.6555	14.7987	LinReg_NoSpike_v3	Global
Node.js	2025-09-01	12.6142	10.0426	15.1858	LinReg_NoSpike_v3	Global
Node.js	2025-10-01	13.0643	10.4927	15.636	LinReg_NoSpike_v3	Global
Node.js	2025-11-01	13.5883	11.0167	16.16	LinReg_NoSpike_v3	Global
Node.js	2025-12-01	14.1283	11.5567	16.6999	LinReg_NoSpike_v3	Global
Node.js	2026-01-01	14.671	12.0994	17.2426	LinReg_NoSpike_v3	Global
Node.js	2026-02-01	15.1666	12.595	17.7382	LinReg_NoSpike_v3	Global
Node.js	2026-03-01	15.5517	12.9801	18.1234	LinReg_NoSpike_v3	Global
Node.js	2026-04-01	15.9	13.3284	18.4716	LinReg_NoSpike_v3	Global
Node.js	2026-05-01	16.1744	13.6028	18.746	LinReg_NoSpike_v3	Global
Node.js	2026-06-01	16.4329	13.8612	19.0045	LinReg_NoSpike_v3	Global
Node.js	2026-07-01	16.6886	14.117	19.2602	LinReg_NoSpike_v3	Global
Node.js	2026-08-01	17.0045	14.4329	19.5761	LinReg_NoSpike_v3	Global
Node.js	2026-09-01	17.3916	14.82	19.9632	LinReg_NoSpike_v3	Global
Node.js	2026-10-01	17.8418	15.2701	20.4134	LinReg_NoSpike_v3	Global
Node.js	2026-11-01	18.0	15.4284	20.5716	LinReg_NoSpike_v3	Global
Node.js	2026-12-01	18.0	15.4284	20.5716	LinReg_NoSpike_v3	Global
Node.js	2027-01-01	18.0	15.4284	20.5716	LinReg_NoSpike_v3	Global
Node.js	2027-02-01	18.0	15.4284	20.5716	LinReg_NoSpike_v3	Global
Node.js	2027-03-01	18.0	15.4284	20.5716	LinReg_NoSpike_v3	Global
Node.js	2027-04-01	18.0	15.4284	20.5716	LinReg_NoSpike_v3	Global
Node.js	2027-05-01	18.0	15.4284	20.5716	LinReg_NoSpike_v3	Global
Node.js	2027-06-01	18.0	15.4284	20.5716	LinReg_NoSpike_v3	Global
Node.js	2027-07-01	18.0	15.4284	20.5716	LinReg_NoSpike_v3	Global
Node.js	2027-08-01	18.0	15.4284	20.5716	LinReg_NoSpike_v3	Global
Node.js	2027-09-01	18.0	15.4284	20.5716	LinReg_NoSpike_v3	Global
Node.js	2027-10-01	18.0	15.4284	20.5716	LinReg_NoSpike_v3	Global
Node.js	2027-11-01	18.0	15.4284	20.5716	LinReg_NoSpike_v3	Global
Node.js	2027-12-01	18.0	15.4284	20.5716	LinReg_NoSpike_v3	Global
Oracle	2025-05-01	43.1707	15.3896	70.9517	LinReg_NoSpike_v3	Global
Oracle	2025-06-01	41.6447	13.8637	69.4258	LinReg_NoSpike_v3	Global
Oracle	2025-07-01	40.8133	13.0323	68.5944	LinReg_NoSpike_v3	Global
Oracle	2025-08-01	41.4215	13.6405	69.2026	LinReg_NoSpike_v3	Global
Oracle	2025-09-01	43.6865	15.9055	71.4676	LinReg_NoSpike_v3	Global
Oracle	2025-10-01	47.3815	19.6005	75.1626	LinReg_NoSpike_v3	Global
Oracle	2025-11-01	52.0389	24.2578	79.8199	LinReg_NoSpike_v3	Global
Oracle	2025-12-01	56.7387	28.9576	84.5197	LinReg_NoSpike_v3	Global
Oracle	2026-01-01	60.744	32.963	88.525	LinReg_NoSpike_v3	Global
Oracle	2026-02-01	63.3617	35.5807	91.1428	LinReg_NoSpike_v3	Global
Oracle	2026-03-01	64.1666	36.3855	91.9476	LinReg_NoSpike_v3	Global
Oracle	2026-04-01	63.6454	35.8644	91.4265	LinReg_NoSpike_v3	Global
Oracle	2026-05-01	62.162	34.381	89.9431	LinReg_NoSpike_v3	Global
Oracle	2026-06-01	60.6361	32.8551	88.4171	LinReg_NoSpike_v3	Global
Oracle	2026-07-01	59.8047	32.0236	87.5857	LinReg_NoSpike_v3	Global
Oracle	2026-08-01	60.4129	32.6318	88.1939	LinReg_NoSpike_v3	Global
Oracle	2026-09-01	62.6779	34.8968	90.4589	LinReg_NoSpike_v3	Global
Oracle	2026-10-01	66.3729	38.5919	94.1539	LinReg_NoSpike_v3	Global
Oracle	2026-11-01	71.0302	43.2492	98.8113	LinReg_NoSpike_v3	Global
Oracle	2026-12-01	75.73	47.949	103.5111	LinReg_NoSpike_v3	Global
Oracle	2027-01-01	79.7354	51.9543	107.5164	LinReg_NoSpike_v3	Global
Oracle	2027-02-01	82.3531	54.572	110.1341	LinReg_NoSpike_v3	Global
Oracle	2027-03-01	83.1579	55.3769	110.939	LinReg_NoSpike_v3	Global
Oracle	2027-04-01	82.6368	54.8558	110.4178	LinReg_NoSpike_v3	Global
Oracle	2027-05-01	81.1534	53.3723	108.9344	LinReg_NoSpike_v3	Global
Oracle	2027-06-01	79.6274	51.8464	107.4085	LinReg_NoSpike_v3	Global
Oracle	2027-07-01	78.796	51.015	106.5771	LinReg_NoSpike_v3	Global
Oracle	2027-08-01	79.4042	51.6232	107.1853	LinReg_NoSpike_v3	Global
Oracle	2027-09-01	81.6692	53.8882	109.4503	LinReg_NoSpike_v3	Global
Oracle	2027-10-01	85.3643	57.5832	113.1453	LinReg_NoSpike_v3	Global
Oracle	2027-11-01	88.6667	60.8856	116.4477	LinReg_NoSpike_v3	Global
Oracle	2027-12-01	88.6667	60.8856	116.4477	LinReg_NoSpike_v3	Global
PHP	2025-05-01	14.1505	4.1659	24.135	LinReg_NoSpike_v3	Global
PHP	2025-06-01	14.2154	4.2308	24.1999	LinReg_NoSpike_v3	Global
PHP	2025-07-01	14.3226	4.338	24.3071	LinReg_NoSpike_v3	Global
PHP	2025-08-01	14.5917	4.6072	24.5763	LinReg_NoSpike_v3	Global
PHP	2025-09-01	15.0589	5.0743	25.0434	LinReg_NoSpike_v3	Global
PHP	2025-10-01	15.7068	5.7223	25.6914	LinReg_NoSpike_v3	Global
PHP	2025-11-01	16.5105	6.5259	26.495	LinReg_NoSpike_v3	Global
PHP	2025-12-01	17.3478	7.3632	27.3323	LinReg_NoSpike_v3	Global
PHP	2026-01-01	18.1428	8.1583	28.1274	LinReg_NoSpike_v3	Global
PHP	2026-02-01	18.7906	8.8061	28.7752	LinReg_NoSpike_v3	Global
PHP	2026-03-01	19.1962	9.2116	29.1807	LinReg_NoSpike_v3	Global
PHP	2026-04-01	19.4504	9.4659	29.435	LinReg_NoSpike_v3	Global
PHP	2026-05-01	19.549	9.5644	29.5335	LinReg_NoSpike_v3	Global
PHP	2026-06-01	19.6139	9.6293	29.5985	LinReg_NoSpike_v3	Global
PHP	2026-07-01	19.7211	9.7365	29.7056	LinReg_NoSpike_v3	Global
PHP	2026-08-01	19.9903	10.0057	29.9748	LinReg_NoSpike_v3	Global
PHP	2026-09-01	20.4574	10.4728	30.4419	LinReg_NoSpike_v3	Global
PHP	2026-10-01	21.1053	11.1208	31.0899	LinReg_NoSpike_v3	Global
PHP	2026-11-01	21.909	11.9244	31.8935	LinReg_NoSpike_v3	Global
PHP	2026-12-01	22.7463	12.7617	32.7308	LinReg_NoSpike_v3	Global
PHP	2027-01-01	23.5413	13.5568	33.5259	LinReg_NoSpike_v3	Global
PHP	2027-02-01	24.1891	14.2046	34.1737	LinReg_NoSpike_v3	Global
PHP	2027-03-01	24.5947	14.6101	34.5792	LinReg_NoSpike_v3	Global
PHP	2027-04-01	24.8489	14.8644	34.8335	LinReg_NoSpike_v3	Global
PHP	2027-05-01	24.9475	14.9629	34.932	LinReg_NoSpike_v3	Global
PHP	2027-06-01	25.0124	15.0279	34.997	LinReg_NoSpike_v3	Global
PHP	2027-07-01	25.1196	15.135	35.1041	LinReg_NoSpike_v3	Global
PHP	2027-08-01	25.3888	15.4042	35.3733	LinReg_NoSpike_v3	Global
PHP	2027-09-01	25.8559	15.8713	35.8404	LinReg_NoSpike_v3	Global
PHP	2027-10-01	26.5038	16.5193	36.4884	LinReg_NoSpike_v3	Global
PHP	2027-11-01	27.3075	17.3229	37.2921	LinReg_NoSpike_v3	Global
PHP	2027-12-01	28.0	18.0154	37.9846	LinReg_NoSpike_v3	Global
PostgreSQL	2025-05-01	16.9105	15.0159	18.8052	LinReg_NoSpike_v3	Global
PostgreSQL	2025-06-01	18.8036	16.9089	20.6982	LinReg_NoSpike_v3	Global
PostgreSQL	2025-07-01	19.3333	17.4387	21.228	LinReg_NoSpike_v3	Global
PostgreSQL	2025-08-01	19.3333	17.4387	21.228	LinReg_NoSpike_v3	Global
PostgreSQL	2025-09-01	19.3333	17.4387	21.228	LinReg_NoSpike_v3	Global
PostgreSQL	2025-10-01	19.0041	17.1094	20.8988	LinReg_NoSpike_v3	Global
PostgreSQL	2025-11-01	18.0713	16.1767	19.966	LinReg_NoSpike_v3	Global
PostgreSQL	2025-12-01	17.4927	15.598	19.3873	LinReg_NoSpike_v3	Global
PostgreSQL	2026-01-01	17.6395	15.7448	19.5341	LinReg_NoSpike_v3	Global
PostgreSQL	2026-02-01	18.6298	16.7351	20.5245	LinReg_NoSpike_v3	Global
PostgreSQL	2026-03-01	19.3333	17.4387	21.228	LinReg_NoSpike_v3	Global
PostgreSQL	2026-04-01	19.3333	17.4387	21.228	LinReg_NoSpike_v3	Global
PostgreSQL	2026-05-01	19.3333	17.4387	21.228	LinReg_NoSpike_v3	Global
PostgreSQL	2026-06-01	19.3333	17.4387	21.228	LinReg_NoSpike_v3	Global
PostgreSQL	2026-07-01	19.3333	17.4387	21.228	LinReg_NoSpike_v3	Global
PostgreSQL	2026-08-01	19.3333	17.4387	21.228	LinReg_NoSpike_v3	Global
PostgreSQL	2026-09-01	19.3333	17.4387	21.228	LinReg_NoSpike_v3	Global
PostgreSQL	2026-10-01	19.3333	17.4387	21.228	LinReg_NoSpike_v3	Global
PostgreSQL	2026-11-01	19.3333	17.4387	21.228	LinReg_NoSpike_v3	Global
PostgreSQL	2026-12-01	19.3333	17.4387	21.228	LinReg_NoSpike_v3	Global
PostgreSQL	2027-01-01	19.3333	17.4387	21.228	LinReg_NoSpike_v3	Global
PostgreSQL	2027-02-01	19.3333	17.4387	21.228	LinReg_NoSpike_v3	Global
PostgreSQL	2027-03-01	19.3333	17.4387	21.228	LinReg_NoSpike_v3	Global
PostgreSQL	2027-04-01	19.3333	17.4387	21.228	LinReg_NoSpike_v3	Global
PostgreSQL	2027-05-01	19.3333	17.4387	21.228	LinReg_NoSpike_v3	Global
PostgreSQL	2027-06-01	19.3333	17.4387	21.228	LinReg_NoSpike_v3	Global
PostgreSQL	2027-07-01	19.3333	17.4387	21.228	LinReg_NoSpike_v3	Global
PostgreSQL	2027-08-01	19.3333	17.4387	21.228	LinReg_NoSpike_v3	Global
PostgreSQL	2027-09-01	19.3333	17.4387	21.228	LinReg_NoSpike_v3	Global
PostgreSQL	2027-10-01	19.3333	17.4387	21.228	LinReg_NoSpike_v3	Global
PostgreSQL	2027-11-01	19.3333	17.4387	21.228	LinReg_NoSpike_v3	Global
PostgreSQL	2027-12-01	19.3333	17.4387	21.228	LinReg_NoSpike_v3	Global
Power BI	2025-05-01	34.2177	12.1187	56.3168	LinReg_NoSpike_v3	Global
Power BI	2025-06-01	32.499	10.4	54.5981	LinReg_NoSpike_v3	Global
Power BI	2025-07-01	30.9847	8.8857	53.0837	LinReg_NoSpike_v3	Global
Power BI	2025-08-01	30.497	8.3979	52.596	LinReg_NoSpike_v3	Global
Power BI	2025-09-01	31.4696	9.3706	53.5687	LinReg_NoSpike_v3	Global
Power BI	2025-10-01	33.9452	11.8462	56.0442	LinReg_NoSpike_v3	Global
Power BI	2025-11-01	37.6768	15.5778	59.7759	LinReg_NoSpike_v3	Global
Power BI	2025-12-01	41.9262	19.8272	64.0252	LinReg_NoSpike_v3	Global
Power BI	2026-01-01	45.9712	23.8722	68.0703	LinReg_NoSpike_v3	Global
Power BI	2026-02-01	49.0311	26.9321	71.1302	LinReg_NoSpike_v3	Global
Power BI	2026-03-01	50.5062	28.4071	72.6052	LinReg_NoSpike_v3	Global
Power BI	2026-04-01	50.5613	28.4622	72.6603	LinReg_NoSpike_v3	Global
Power BI	2026-05-01	49.3603	27.2613	71.4594	LinReg_NoSpike_v3	Global
Power BI	2026-06-01	47.6416	25.5426	69.7406	LinReg_NoSpike_v3	Global
Power BI	2026-07-01	46.1273	24.0282	68.2263	LinReg_NoSpike_v3	Global
Power BI	2026-08-01	45.6395	23.5405	67.7386	LinReg_NoSpike_v3	Global
Power BI	2026-09-01	46.6122	24.5132	68.7112	LinReg_NoSpike_v3	Global
Power BI	2026-10-01	49.0878	26.9888	71.1868	LinReg_NoSpike_v3	Global
Power BI	2026-11-01	52.8194	30.7204	74.9184	LinReg_NoSpike_v3	Global
Power BI	2026-12-01	57.0688	34.9698	79.1678	LinReg_NoSpike_v3	Global
Power BI	2027-01-01	61.1138	39.0148	83.2128	LinReg_NoSpike_v3	Global
Power BI	2027-02-01	64.1737	42.0747	86.2727	LinReg_NoSpike_v3	Global
Power BI	2027-03-01	65.6487	43.5497	87.7478	LinReg_NoSpike_v3	Global
Power BI	2027-04-01	65.7038	43.6048	87.8029	LinReg_NoSpike_v3	Global
Power BI	2027-05-01	64.5029	42.4039	86.6019	LinReg_NoSpike_v3	Global
Power BI	2027-06-01	62.7842	40.6852	84.8832	LinReg_NoSpike_v3	Global
Power BI	2027-07-01	61.2699	39.1708	83.3689	LinReg_NoSpike_v3	Global
Power BI	2027-08-01	60.7821	38.6831	82.8812	LinReg_NoSpike_v3	Global
Power BI	2027-09-01	61.7548	39.6558	83.8538	LinReg_NoSpike_v3	Global
Power BI	2027-10-01	64.2304	42.1313	86.3294	LinReg_NoSpike_v3	Global
Power BI	2027-11-01	67.962	45.863	90.061	LinReg_NoSpike_v3	Global
Power BI	2027-12-01	70.0	47.901	92.099	LinReg_NoSpike_v3	Global
PyTorch	2025-05-01	1.6667	0.0	3.3565	LinReg_NoSpike_v3	Global
PyTorch	2025-06-01	1.6667	0.0	3.3565	LinReg_NoSpike_v3	Global
PyTorch	2025-07-01	1.6667	0.0	3.3565	LinReg_NoSpike_v3	Global
PyTorch	2025-08-01	1.6667	0.0	3.3565	LinReg_NoSpike_v3	Global
PyTorch	2025-09-01	1.6667	0.0	3.3565	LinReg_NoSpike_v3	Global
PyTorch	2025-10-01	1.6667	0.0	3.3565	LinReg_NoSpike_v3	Global
PyTorch	2025-11-01	1.6667	0.0	3.3565	LinReg_NoSpike_v3	Global
PyTorch	2025-12-01	3.169	1.4791	4.8588	LinReg_NoSpike_v3	Global
PyTorch	2026-01-01	5.0573	3.3674	6.7472	LinReg_NoSpike_v3	Global
PyTorch	2026-02-01	5.4672	3.7774	7.1571	LinReg_NoSpike_v3	Global
PyTorch	2026-03-01	4.2617	2.5719	5.9516	LinReg_NoSpike_v3	Global
PyTorch	2026-04-01	1.6946	0.0048	3.3845	LinReg_NoSpike_v3	Global
PyTorch	2026-05-01	1.6667	0.0	3.3565	LinReg_NoSpike_v3	Global
PyTorch	2026-06-01	1.6667	0.0	3.3565	LinReg_NoSpike_v3	Global
PyTorch	2026-07-01	1.6667	0.0	3.3565	LinReg_NoSpike_v3	Global
PyTorch	2026-08-01	1.6667	0.0	3.3565	LinReg_NoSpike_v3	Global
PyTorch	2026-09-01	1.6667	0.0	3.3565	LinReg_NoSpike_v3	Global
PyTorch	2026-10-01	1.6667	0.0	3.3565	LinReg_NoSpike_v3	Global
PyTorch	2026-11-01	1.6667	0.0	3.3565	LinReg_NoSpike_v3	Global
PyTorch	2026-12-01	1.6667	0.0	3.3565	LinReg_NoSpike_v3	Global
PyTorch	2027-01-01	3.1866	1.4968	4.8765	LinReg_NoSpike_v3	Global
PyTorch	2027-02-01	3.5966	1.9067	5.2864	LinReg_NoSpike_v3	Global
PyTorch	2027-03-01	2.3911	0.7012	4.0809	LinReg_NoSpike_v3	Global
PyTorch	2027-04-01	1.6667	0.0	3.3565	LinReg_NoSpike_v3	Global
PyTorch	2027-05-01	1.6667	0.0	3.3565	LinReg_NoSpike_v3	Global
PyTorch	2027-06-01	1.6667	0.0	3.3565	LinReg_NoSpike_v3	Global
PyTorch	2027-07-01	1.6667	0.0	3.3565	LinReg_NoSpike_v3	Global
PyTorch	2027-08-01	1.6667	0.0	3.3565	LinReg_NoSpike_v3	Global
PyTorch	2027-09-01	1.6667	0.0	3.3565	LinReg_NoSpike_v3	Global
PyTorch	2027-10-01	1.6667	0.0	3.3565	LinReg_NoSpike_v3	Global
PyTorch	2027-11-01	1.6667	0.0	3.3565	LinReg_NoSpike_v3	Global
PyTorch	2027-12-01	1.6667	0.0	3.3565	LinReg_NoSpike_v3	Global
Python	2025-05-01	51.7894	16.4948	87.084	LinReg_NoSpike_v3	Global
Python	2025-06-01	48.877	13.5824	84.1716	LinReg_NoSpike_v3	Global
Python	2025-07-01	46.9339	11.6393	82.2285	LinReg_NoSpike_v3	Global
Python	2025-08-01	47.0877	11.7931	82.3823	LinReg_NoSpike_v3	Global
Python	2025-09-01	49.7392	14.4446	85.0338	LinReg_NoSpike_v3	Global
Python	2025-10-01	54.6196	19.325	89.9142	LinReg_NoSpike_v3	Global
Python	2025-11-01	61.0283	25.7336	96.3229	LinReg_NoSpike_v3	Global
Python	2025-12-01	67.6294	32.3348	102.924	LinReg_NoSpike_v3	Global
Python	2026-01-01	73.2612	37.9666	108.5558	LinReg_NoSpike_v3	Global
Python	2026-02-01	76.8565	41.5619	112.1511	LinReg_NoSpike_v3	Global
Python	2026-03-01	77.7728	42.4782	113.0674	LinReg_NoSpike_v3	Global
Python	2026-04-01	76.5811	41.2865	111.8757	LinReg_NoSpike_v3	Global
Python	2026-05-01	73.8611	38.5665	109.1557	LinReg_NoSpike_v3	Global
Python	2026-06-01	70.9487	35.6541	106.2433	LinReg_NoSpike_v3	Global
Python	2026-07-01	69.0055	33.7109	104.3002	LinReg_NoSpike_v3	Global
Python	2026-08-01	69.1594	33.8648	104.454	LinReg_NoSpike_v3	Global
Python	2026-09-01	71.8108	36.5162	107.1055	LinReg_NoSpike_v3	Global
Python	2026-10-01	76.6913	41.3966	111.9859	LinReg_NoSpike_v3	Global
Python	2026-11-01	83.0999	47.8053	118.3946	LinReg_NoSpike_v3	Global
Python	2026-12-01	89.7011	54.4065	124.9957	LinReg_NoSpike_v3	Global
Python	2027-01-01	95.3329	60.0383	130.6275	LinReg_NoSpike_v3	Global
Python	2027-02-01	98.9282	63.6336	134.2228	LinReg_NoSpike_v3	Global
Python	2027-03-01	99.8445	64.5499	135.1391	LinReg_NoSpike_v3	Global
Python	2027-04-01	98.6528	63.3582	133.9474	LinReg_NoSpike_v3	Global
Python	2027-05-01	95.9328	60.6382	131.2274	LinReg_NoSpike_v3	Global
Python	2027-06-01	93.0204	57.7258	128.315	LinReg_NoSpike_v3	Global
Python	2027-07-01	91.0772	55.7826	126.3718	LinReg_NoSpike_v3	Global
Python	2027-08-01	91.2311	55.9365	126.5257	LinReg_NoSpike_v3	Global
Python	2027-09-01	93.8825	58.5879	129.1771	LinReg_NoSpike_v3	Global
Python	2027-10-01	98.7629	63.4683	134.0575	LinReg_NoSpike_v3	Global
Python	2027-11-01	105.1716	69.877	140.4662	LinReg_NoSpike_v3	Global
Python	2027-12-01	108.0	72.7054	143.2946	LinReg_NoSpike_v3	Global
REST API	2025-05-01	2.3069	0.7981	3.8156	LinReg_NoSpike_v3	Global
REST API	2025-06-01	2.1824	0.6736	3.6911	LinReg_NoSpike_v3	Global
REST API	2025-07-01	2.0343	0.5256	3.5431	LinReg_NoSpike_v3	Global
REST API	2025-08-01	1.917	0.4082	3.4258	LinReg_NoSpike_v3	Global
REST API	2025-09-01	1.8723	0.3635	3.3811	LinReg_NoSpike_v3	Global
REST API	2025-10-01	1.9228	0.414	3.4316	LinReg_NoSpike_v3	Global
REST API	2025-11-01	2.0695	0.5607	3.5782	LinReg_NoSpike_v3	Global
REST API	2025-12-01	2.2821	0.7734	3.7909	LinReg_NoSpike_v3	Global
REST API	2026-01-01	2.5183	1.0095	4.027	LinReg_NoSpike_v3	Global
REST API	2026-02-01	2.7252	1.2164	4.234	LinReg_NoSpike_v3	Global
REST API	2026-03-01	2.8551	1.3464	4.3639	LinReg_NoSpike_v3	Global
REST API	2026-04-01	2.8928	1.384	4.4015	LinReg_NoSpike_v3	Global
REST API	2026-05-01	2.8342	1.3255	4.343	LinReg_NoSpike_v3	Global
REST API	2026-06-01	2.7097	1.201	4.2185	LinReg_NoSpike_v3	Global
REST API	2026-07-01	2.5617	1.053	4.0705	LinReg_NoSpike_v3	Global
REST API	2026-08-01	2.4444	0.9356	3.9532	LinReg_NoSpike_v3	Global
REST API	2026-09-01	2.3997	0.8909	3.9085	LinReg_NoSpike_v3	Global
REST API	2026-10-01	2.4502	0.9414	3.959	LinReg_NoSpike_v3	Global
REST API	2026-11-01	2.5969	1.0881	4.1056	LinReg_NoSpike_v3	Global
REST API	2026-12-01	2.8095	1.3007	4.3183	LinReg_NoSpike_v3	Global
REST API	2027-01-01	3.0457	1.5369	4.5544	LinReg_NoSpike_v3	Global
REST API	2027-02-01	3.2526	1.7438	4.7614	LinReg_NoSpike_v3	Global
REST API	2027-03-01	3.3825	1.8738	4.8913	LinReg_NoSpike_v3	Global
REST API	2027-04-01	3.4202	1.9114	4.9289	LinReg_NoSpike_v3	Global
REST API	2027-05-01	3.3616	1.8529	4.8704	LinReg_NoSpike_v3	Global
REST API	2027-06-01	3.2371	1.7284	4.7459	LinReg_NoSpike_v3	Global
REST API	2027-07-01	3.0891	1.5803	4.5979	LinReg_NoSpike_v3	Global
REST API	2027-08-01	2.9718	1.463	4.4805	LinReg_NoSpike_v3	Global
REST API	2027-09-01	2.9271	1.4183	4.4358	LinReg_NoSpike_v3	Global
REST API	2027-10-01	2.9776	1.4688	4.4863	LinReg_NoSpike_v3	Global
REST API	2027-11-01	3.1242	1.6155	4.633	LinReg_NoSpike_v3	Global
REST API	2027-12-01	3.3369	1.8281	4.8457	LinReg_NoSpike_v3	Global
RabbitMQ	2025-05-01	0.6667	0.0	5.655	LinReg_NoSpike_v3	Global
RabbitMQ	2025-06-01	0.6667	0.0	5.655	LinReg_NoSpike_v3	Global
RabbitMQ	2025-07-01	0.6667	0.0	5.655	LinReg_NoSpike_v3	Global
RabbitMQ	2025-08-01	0.6667	0.0	5.655	LinReg_NoSpike_v3	Global
RabbitMQ	2025-09-01	0.6667	0.0	5.655	LinReg_NoSpike_v3	Global
RabbitMQ	2025-10-01	0.6667	0.0	5.655	LinReg_NoSpike_v3	Global
RabbitMQ	2025-11-01	0.6667	0.0	5.655	LinReg_NoSpike_v3	Global
RabbitMQ	2025-12-01	0.6667	0.0	5.655	LinReg_NoSpike_v3	Global
RabbitMQ	2026-01-01	0.6667	0.0	5.655	LinReg_NoSpike_v3	Global
RabbitMQ	2026-02-01	0.6667	0.0	5.655	LinReg_NoSpike_v3	Global
RabbitMQ	2026-03-01	0.6667	0.0	5.655	LinReg_NoSpike_v3	Global
RabbitMQ	2026-04-01	0.6667	0.0	5.655	LinReg_NoSpike_v3	Global
RabbitMQ	2026-05-01	0.6667	0.0	5.655	LinReg_NoSpike_v3	Global
RabbitMQ	2026-06-01	0.6667	0.0	5.655	LinReg_NoSpike_v3	Global
RabbitMQ	2026-07-01	0.6667	0.0	5.655	LinReg_NoSpike_v3	Global
RabbitMQ	2026-08-01	0.6667	0.0	5.655	LinReg_NoSpike_v3	Global
RabbitMQ	2026-09-01	0.6667	0.0	5.655	LinReg_NoSpike_v3	Global
RabbitMQ	2026-10-01	0.6667	0.0	5.655	LinReg_NoSpike_v3	Global
RabbitMQ	2026-11-01	0.6667	0.0	5.655	LinReg_NoSpike_v3	Global
RabbitMQ	2026-12-01	0.6667	0.0	5.655	LinReg_NoSpike_v3	Global
RabbitMQ	2027-01-01	0.6667	0.0	5.655	LinReg_NoSpike_v3	Global
RabbitMQ	2027-02-01	0.6667	0.0	5.655	LinReg_NoSpike_v3	Global
RabbitMQ	2027-03-01	0.6667	0.0	5.655	LinReg_NoSpike_v3	Global
RabbitMQ	2027-04-01	0.6667	0.0	5.655	LinReg_NoSpike_v3	Global
RabbitMQ	2027-05-01	0.6667	0.0	5.655	LinReg_NoSpike_v3	Global
RabbitMQ	2027-06-01	0.6667	0.0	5.655	LinReg_NoSpike_v3	Global
RabbitMQ	2027-07-01	0.6667	0.0	5.655	LinReg_NoSpike_v3	Global
RabbitMQ	2027-08-01	0.6667	0.0	5.655	LinReg_NoSpike_v3	Global
RabbitMQ	2027-09-01	0.6667	0.0	5.655	LinReg_NoSpike_v3	Global
RabbitMQ	2027-10-01	0.6667	0.0	5.655	LinReg_NoSpike_v3	Global
RabbitMQ	2027-11-01	0.6667	0.0	5.655	LinReg_NoSpike_v3	Global
RabbitMQ	2027-12-01	0.6667	0.0	5.655	LinReg_NoSpike_v3	Global
React	2025-05-01	24.9307	7.9658	41.8956	LinReg_NoSpike_v3	Global
React	2025-06-01	24.3924	7.4275	41.3574	LinReg_NoSpike_v3	Global
React	2025-07-01	24.4699	7.505	41.4349	LinReg_NoSpike_v3	Global
React	2025-08-01	25.4482	8.4833	42.4131	LinReg_NoSpike_v3	Global
React	2025-09-01	27.2875	10.3226	44.2525	LinReg_NoSpike_v3	Global
React	2025-10-01	29.7177	12.7528	46.6826	LinReg_NoSpike_v3	Global
React	2025-11-01	32.3932	15.4283	49.3581	LinReg_NoSpike_v3	Global
React	2025-12-01	34.7892	17.8243	51.7541	LinReg_NoSpike_v3	Global
React	2026-01-01	36.5695	19.6046	53.5344	LinReg_NoSpike_v3	Global
React	2026-02-01	37.4795	20.5146	54.4444	LinReg_NoSpike_v3	Global
React	2026-03-01	37.437	20.4721	54.4019	LinReg_NoSpike_v3	Global
React	2026-04-01	36.8646	19.8997	53.8295	LinReg_NoSpike_v3	Global
React	2026-05-01	36.0469	19.0819	53.0118	LinReg_NoSpike_v3	Global
React	2026-06-01	35.5086	18.5437	52.4735	LinReg_NoSpike_v3	Global
React	2026-07-01	35.5861	18.6212	52.551	LinReg_NoSpike_v3	Global
React	2026-08-01	36.5643	19.5994	53.5292	LinReg_NoSpike_v3	Global
React	2026-09-01	38.4037	21.4388	55.3686	LinReg_NoSpike_v3	Global
React	2026-10-01	40.8338	23.8689	57.7987	LinReg_NoSpike_v3	Global
React	2026-11-01	43.5093	26.5444	60.4743	LinReg_NoSpike_v3	Global
React	2026-12-01	45.9054	28.9405	62.8703	LinReg_NoSpike_v3	Global
React	2027-01-01	47.6856	30.7207	64.6506	LinReg_NoSpike_v3	Global
React	2027-02-01	48.5956	31.6307	65.5605	LinReg_NoSpike_v3	Global
React	2027-03-01	48.5531	31.5882	65.518	LinReg_NoSpike_v3	Global
React	2027-04-01	47.9807	31.0158	64.9457	LinReg_NoSpike_v3	Global
React	2027-05-01	47.163	30.1981	64.1279	LinReg_NoSpike_v3	Global
React	2027-06-01	46.6247	29.6598	63.5896	LinReg_NoSpike_v3	Global
React	2027-07-01	46.7022	29.7373	63.6671	LinReg_NoSpike_v3	Global
React	2027-08-01	47.6805	30.7155	64.6454	LinReg_NoSpike_v3	Global
React	2027-09-01	49.5198	32.5549	66.4847	LinReg_NoSpike_v3	Global
React	2027-10-01	51.3333	34.3684	68.2983	LinReg_NoSpike_v3	Global
React	2027-11-01	51.3333	34.3684	68.2983	LinReg_NoSpike_v3	Global
React	2027-12-01	51.3333	34.3684	68.2983	LinReg_NoSpike_v3	Global
Ruby	2025-05-01	3.1861	1.1359	5.2363	LinReg_NoSpike_v3	Global
Ruby	2025-06-01	4.456	2.4058	6.5062	LinReg_NoSpike_v3	Global
Ruby	2025-07-01	4.6667	2.6165	6.7169	LinReg_NoSpike_v3	Global
Ruby	2025-08-01	4.6667	2.6165	6.7169	LinReg_NoSpike_v3	Global
Ruby	2025-09-01	4.6667	2.6165	6.7169	LinReg_NoSpike_v3	Global
Ruby	2025-10-01	4.6667	2.6165	6.7169	LinReg_NoSpike_v3	Global
Ruby	2025-11-01	4.6667	2.6165	6.7169	LinReg_NoSpike_v3	Global
Ruby	2025-12-01	4.6667	2.6165	6.7169	LinReg_NoSpike_v3	Global
Ruby	2026-01-01	4.6667	2.6165	6.7169	LinReg_NoSpike_v3	Global
Ruby	2026-02-01	4.6667	2.6165	6.7169	LinReg_NoSpike_v3	Global
Ruby	2026-03-01	4.6667	2.6165	6.7169	LinReg_NoSpike_v3	Global
Ruby	2026-04-01	4.6667	2.6165	6.7169	LinReg_NoSpike_v3	Global
Ruby	2026-05-01	4.6667	2.6165	6.7169	LinReg_NoSpike_v3	Global
Ruby	2026-06-01	4.6667	2.6165	6.7169	LinReg_NoSpike_v3	Global
Ruby	2026-07-01	4.6667	2.6165	6.7169	LinReg_NoSpike_v3	Global
Ruby	2026-08-01	4.6667	2.6165	6.7169	LinReg_NoSpike_v3	Global
Ruby	2026-09-01	4.6667	2.6165	6.7169	LinReg_NoSpike_v3	Global
Ruby	2026-10-01	4.6667	2.6165	6.7169	LinReg_NoSpike_v3	Global
Ruby	2026-11-01	4.6667	2.6165	6.7169	LinReg_NoSpike_v3	Global
Ruby	2026-12-01	4.6667	2.6165	6.7169	LinReg_NoSpike_v3	Global
Ruby	2027-01-01	4.6667	2.6165	6.7169	LinReg_NoSpike_v3	Global
Ruby	2027-02-01	4.6667	2.6165	6.7169	LinReg_NoSpike_v3	Global
Ruby	2027-03-01	4.6667	2.6165	6.7169	LinReg_NoSpike_v3	Global
Ruby	2027-04-01	4.6667	2.6165	6.7169	LinReg_NoSpike_v3	Global
Ruby	2027-05-01	4.6667	2.6165	6.7169	LinReg_NoSpike_v3	Global
Ruby	2027-06-01	4.6667	2.6165	6.7169	LinReg_NoSpike_v3	Global
Ruby	2027-07-01	4.6667	2.6165	6.7169	LinReg_NoSpike_v3	Global
Ruby	2027-08-01	4.6667	2.6165	6.7169	LinReg_NoSpike_v3	Global
Ruby	2027-09-01	4.6667	2.6165	6.7169	LinReg_NoSpike_v3	Global
Ruby	2027-10-01	4.6667	2.6165	6.7169	LinReg_NoSpike_v3	Global
Ruby	2027-11-01	4.6667	2.6165	6.7169	LinReg_NoSpike_v3	Global
Ruby	2027-12-01	4.6667	2.6165	6.7169	LinReg_NoSpike_v3	Global
Rust	2025-05-01	0.6667	0.4053	0.928	LinReg_NoSpike_v3	Global
Rust	2025-06-01	0.6667	0.4053	0.928	LinReg_NoSpike_v3	Global
Rust	2025-07-01	0.6667	0.4053	0.928	LinReg_NoSpike_v3	Global
Rust	2025-08-01	0.6667	0.4053	0.928	LinReg_NoSpike_v3	Global
Rust	2025-09-01	0.6667	0.4053	0.928	LinReg_NoSpike_v3	Global
Rust	2025-10-01	0.6667	0.4053	0.928	LinReg_NoSpike_v3	Global
Rust	2025-11-01	0.6667	0.4053	0.928	LinReg_NoSpike_v3	Global
Rust	2025-12-01	0.6667	0.4053	0.928	LinReg_NoSpike_v3	Global
Rust	2026-01-01	0.6667	0.4053	0.928	LinReg_NoSpike_v3	Global
Rust	2026-02-01	0.6667	0.4053	0.928	LinReg_NoSpike_v3	Global
Rust	2026-03-01	0.6667	0.4053	0.928	LinReg_NoSpike_v3	Global
Rust	2026-04-01	0.6667	0.4053	0.928	LinReg_NoSpike_v3	Global
Rust	2026-05-01	0.6667	0.4053	0.928	LinReg_NoSpike_v3	Global
Rust	2026-06-01	0.6667	0.4053	0.928	LinReg_NoSpike_v3	Global
Rust	2026-07-01	0.6667	0.4053	0.928	LinReg_NoSpike_v3	Global
Rust	2026-08-01	0.6667	0.4053	0.928	LinReg_NoSpike_v3	Global
Rust	2026-09-01	0.6667	0.4053	0.928	LinReg_NoSpike_v3	Global
Rust	2026-10-01	0.6667	0.4053	0.928	LinReg_NoSpike_v3	Global
Rust	2026-11-01	0.6667	0.4053	0.928	LinReg_NoSpike_v3	Global
Rust	2026-12-01	0.6667	0.4053	0.928	LinReg_NoSpike_v3	Global
Rust	2027-01-01	0.6667	0.4053	0.928	LinReg_NoSpike_v3	Global
Rust	2027-02-01	0.6667	0.4053	0.928	LinReg_NoSpike_v3	Global
Rust	2027-03-01	0.6667	0.4053	0.928	LinReg_NoSpike_v3	Global
Rust	2027-04-01	0.6667	0.4053	0.928	LinReg_NoSpike_v3	Global
Rust	2027-05-01	0.6667	0.4053	0.928	LinReg_NoSpike_v3	Global
Rust	2027-06-01	0.6667	0.4053	0.928	LinReg_NoSpike_v3	Global
Rust	2027-07-01	0.6667	0.4053	0.928	LinReg_NoSpike_v3	Global
Rust	2027-08-01	0.6667	0.4053	0.928	LinReg_NoSpike_v3	Global
Rust	2027-09-01	0.6667	0.4053	0.928	LinReg_NoSpike_v3	Global
Rust	2027-10-01	0.6667	0.4053	0.928	LinReg_NoSpike_v3	Global
Rust	2027-11-01	0.6667	0.4053	0.928	LinReg_NoSpike_v3	Global
Rust	2027-12-01	0.6667	0.4053	0.928	LinReg_NoSpike_v3	Global
SAP	2025-05-01	128.6505	52.6896	204.6114	LinReg_NoSpike_v3	Global
SAP	2025-06-01	122.4665	46.5056	198.4274	LinReg_NoSpike_v3	Global
SAP	2025-07-01	117.2857	41.3248	193.2466	LinReg_NoSpike_v3	Global
SAP	2025-08-01	116.1128	40.1519	192.0737	LinReg_NoSpike_v3	Global
SAP	2025-09-01	120.4387	44.4778	196.3996	LinReg_NoSpike_v3	Global
SAP	2025-10-01	130.2808	54.3199	206.2417	LinReg_NoSpike_v3	Global
SAP	2025-11-01	144.6185	68.6576	220.5793	LinReg_NoSpike_v3	Global
SAP	2025-12-01	160.6255	84.6646	236.5864	LinReg_NoSpike_v3	Global
SAP	2026-01-01	175.6293	99.6684	251.5902	LinReg_NoSpike_v3	Global
SAP	2026-02-01	186.7863	110.8254	262.7471	LinReg_NoSpike_v3	Global
SAP	2026-03-01	191.9613	116.0005	267.9222	LinReg_NoSpike_v3	Global
SAP	2026-04-01	191.9423	115.9814	267.9031	LinReg_NoSpike_v3	Global
SAP	2026-05-01	187.4276	111.4667	263.3885	LinReg_NoSpike_v3	Global
SAP	2026-06-01	181.2436	105.2827	257.2045	LinReg_NoSpike_v3	Global
SAP	2026-07-01	176.0628	100.1019	252.0236	LinReg_NoSpike_v3	Global
SAP	2026-08-01	174.8899	98.929	250.8507	LinReg_NoSpike_v3	Global
SAP	2026-09-01	179.2157	103.2548	255.1766	LinReg_NoSpike_v3	Global
SAP	2026-10-01	189.0578	113.0969	265.0187	LinReg_NoSpike_v3	Global
SAP	2026-11-01	203.3955	127.4346	279.3564	LinReg_NoSpike_v3	Global
SAP	2026-12-01	219.4025	143.4417	295.3634	LinReg_NoSpike_v3	Global
SAP	2027-01-01	234.4064	158.4455	310.3673	LinReg_NoSpike_v3	Global
SAP	2027-02-01	245.5633	169.6024	321.5242	LinReg_NoSpike_v3	Global
SAP	2027-03-01	250.7384	174.7775	326.6993	LinReg_NoSpike_v3	Global
SAP	2027-04-01	250.7193	174.7584	326.6802	LinReg_NoSpike_v3	Global
SAP	2027-05-01	246.2046	170.2438	322.1655	LinReg_NoSpike_v3	Global
SAP	2027-06-01	240.0206	164.0598	315.9815	LinReg_NoSpike_v3	Global
SAP	2027-07-01	234.8398	158.8789	310.8007	LinReg_NoSpike_v3	Global
SAP	2027-08-01	233.6669	157.706	309.6278	LinReg_NoSpike_v3	Global
SAP	2027-09-01	237.9928	162.0319	313.9537	LinReg_NoSpike_v3	Global
SAP	2027-10-01	247.8349	171.874	323.7958	LinReg_NoSpike_v3	Global
SAP	2027-11-01	262.1726	186.2117	338.1335	LinReg_NoSpike_v3	Global
SAP	2027-12-01	263.3333	187.3724	339.2942	LinReg_NoSpike_v3	Global
SQL	2025-05-01	145.5533	56.3686	234.738	LinReg_NoSpike_v3	Global
SQL	2025-06-01	142.3195	53.1348	231.5042	LinReg_NoSpike_v3	Global
SQL	2025-07-01	139.2983	50.1136	228.483	LinReg_NoSpike_v3	Global
SQL	2025-08-01	139.1095	49.9247	228.2942	LinReg_NoSpike_v3	Global
SQL	2025-09-01	143.1211	53.9364	232.3058	LinReg_NoSpike_v3	Global
SQL	2025-10-01	151.5758	62.3911	240.7606	LinReg_NoSpike_v3	Global
SQL	2025-11-01	164.0184	74.8337	253.2032	LinReg_NoSpike_v3	Global
SQL	2025-12-01	178.2522	89.0674	267.4369	LinReg_NoSpike_v3	Global
SQL	2026-01-01	192.2733	103.0885	281.458	LinReg_NoSpike_v3	Global
SQL	2026-02-01	203.6424	114.4576	292.8271	LinReg_NoSpike_v3	Global
SQL	2026-03-01	210.27	121.0853	299.4547	LinReg_NoSpike_v3	Global
SQL	2026-04-01	212.8152	123.6305	301.9999	LinReg_NoSpike_v3	Global
SQL	2026-05-01	211.3725	122.1878	300.5572	LinReg_NoSpike_v3	Global
SQL	2026-06-01	208.1387	118.954	297.3235	LinReg_NoSpike_v3	Global
SQL	2026-07-01	205.1176	115.9328	294.3023	LinReg_NoSpike_v3	Global
SQL	2026-08-01	204.9287	115.744	294.1134	LinReg_NoSpike_v3	Global
SQL	2026-09-01	208.9403	119.7556	298.1251	LinReg_NoSpike_v3	Global
SQL	2026-10-01	217.3951	128.2104	306.5798	LinReg_NoSpike_v3	Global
SQL	2026-11-01	229.8377	140.653	319.0224	LinReg_NoSpike_v3	Global
SQL	2026-12-01	244.0714	154.8867	333.2561	LinReg_NoSpike_v3	Global
SQL	2027-01-01	258.0925	168.9078	347.2772	LinReg_NoSpike_v3	Global
SQL	2027-02-01	269.4616	180.2769	358.6463	LinReg_NoSpike_v3	Global
SQL	2027-03-01	276.0892	186.9045	365.274	LinReg_NoSpike_v3	Global
SQL	2027-04-01	278.6344	189.4497	367.8192	LinReg_NoSpike_v3	Global
SQL	2027-05-01	277.1918	188.007	366.3765	LinReg_NoSpike_v3	Global
SQL	2027-06-01	273.958	184.7732	363.1427	LinReg_NoSpike_v3	Global
SQL	2027-07-01	270.9368	181.7521	360.1215	LinReg_NoSpike_v3	Global
SQL	2027-08-01	270.748	181.5632	359.9327	LinReg_NoSpike_v3	Global
SQL	2027-09-01	274.7596	185.5749	363.9443	LinReg_NoSpike_v3	Global
SQL	2027-10-01	283.2143	194.0296	372.399	LinReg_NoSpike_v3	Global
SQL	2027-11-01	291.3333	202.1486	380.5181	LinReg_NoSpike_v3	Global
SQL	2027-12-01	291.3333	202.1486	380.5181	LinReg_NoSpike_v3	Global
Salesforce	2025-05-01	18.0575	4.0383	32.0767	LinReg_NoSpike_v3	Global
Salesforce	2025-06-01	15.8634	1.8442	29.8826	LinReg_NoSpike_v3	Global
Salesforce	2025-07-01	13.5424	0.0	27.5615	LinReg_NoSpike_v3	Global
Salesforce	2025-08-01	11.8657	0.0	25.8849	LinReg_NoSpike_v3	Global
Salesforce	2025-09-01	11.3913	0.0	25.4105	LinReg_NoSpike_v3	Global
Salesforce	2025-10-01	12.3551	0.0	26.3743	LinReg_NoSpike_v3	Global
Salesforce	2025-11-01	14.648	0.6288	28.6672	LinReg_NoSpike_v3	Global
Salesforce	2025-12-01	17.7496	3.7304	31.7687	LinReg_NoSpike_v3	Global
Salesforce	2026-01-01	20.978	6.9588	34.9972	LinReg_NoSpike_v3	Global
Salesforce	2026-02-01	23.5769	9.5577	37.5961	LinReg_NoSpike_v3	Global
Salesforce	2026-03-01	24.9289	10.9097	38.9481	LinReg_NoSpike_v3	Global
Salesforce	2026-04-01	24.8726	10.8534	38.8918	LinReg_NoSpike_v3	Global
Salesforce	2026-05-01	23.4871	9.4679	37.5062	LinReg_NoSpike_v3	Global
Salesforce	2026-06-01	21.2929	7.2737	35.3121	LinReg_NoSpike_v3	Global
Salesforce	2026-07-01	18.9719	4.9527	32.9911	LinReg_NoSpike_v3	Global
Salesforce	2026-08-01	17.2952	3.276	31.3144	LinReg_NoSpike_v3	Global
Salesforce	2026-09-01	16.8209	2.8017	30.84	LinReg_NoSpike_v3	Global
Salesforce	2026-10-01	17.7846	3.7654	31.8038	LinReg_NoSpike_v3	Global
Salesforce	2026-11-01	20.0775	6.0583	34.0967	LinReg_NoSpike_v3	Global
Salesforce	2026-12-01	23.1791	9.1599	37.1983	LinReg_NoSpike_v3	Global
Salesforce	2027-01-01	26.4075	12.3883	40.4267	LinReg_NoSpike_v3	Global
Salesforce	2027-02-01	29.0065	14.9873	43.0256	LinReg_NoSpike_v3	Global
Salesforce	2027-03-01	30.3585	16.3393	44.3776	LinReg_NoSpike_v3	Global
Salesforce	2027-04-01	30.3021	16.2829	44.3213	LinReg_NoSpike_v3	Global
Salesforce	2027-05-01	28.9166	14.8974	42.9358	LinReg_NoSpike_v3	Global
Salesforce	2027-06-01	26.7224	12.7032	40.7416	LinReg_NoSpike_v3	Global
Salesforce	2027-07-01	24.4014	10.3822	38.4206	LinReg_NoSpike_v3	Global
Salesforce	2027-08-01	22.7247	8.7055	36.7439	LinReg_NoSpike_v3	Global
Salesforce	2027-09-01	22.2504	8.2312	36.2696	LinReg_NoSpike_v3	Global
Salesforce	2027-10-01	23.2141	9.1949	37.2333	LinReg_NoSpike_v3	Global
Salesforce	2027-11-01	25.5071	11.4879	39.5262	LinReg_NoSpike_v3	Global
Salesforce	2027-12-01	28.6086	14.5894	42.6278	LinReg_NoSpike_v3	Global
Scala	2025-05-01	2.3655	2.0388	2.6922	LinReg_NoSpike_v3	Global
Scala	2025-06-01	3.0819	2.7553	3.4086	LinReg_NoSpike_v3	Global
Scala	2025-07-01	3.3333	3.0067	3.66	LinReg_NoSpike_v3	Global
Scala	2025-08-01	3.3333	3.0067	3.66	LinReg_NoSpike_v3	Global
Scala	2025-09-01	3.3333	3.0067	3.66	LinReg_NoSpike_v3	Global
Scala	2025-10-01	3.3333	3.0067	3.66	LinReg_NoSpike_v3	Global
Scala	2025-11-01	3.3333	3.0067	3.66	LinReg_NoSpike_v3	Global
Scala	2025-12-01	3.3333	3.0067	3.66	LinReg_NoSpike_v3	Global
Scala	2026-01-01	3.3333	3.0067	3.66	LinReg_NoSpike_v3	Global
Scala	2026-02-01	3.3333	3.0067	3.66	LinReg_NoSpike_v3	Global
Scala	2026-03-01	3.3333	3.0067	3.66	LinReg_NoSpike_v3	Global
Scala	2026-04-01	3.3333	3.0067	3.66	LinReg_NoSpike_v3	Global
Scala	2026-05-01	3.3333	3.0067	3.66	LinReg_NoSpike_v3	Global
Scala	2026-06-01	3.3333	3.0067	3.66	LinReg_NoSpike_v3	Global
Scala	2026-07-01	3.3333	3.0067	3.66	LinReg_NoSpike_v3	Global
Scala	2026-08-01	3.3333	3.0067	3.66	LinReg_NoSpike_v3	Global
Scala	2026-09-01	3.3333	3.0067	3.66	LinReg_NoSpike_v3	Global
Scala	2026-10-01	3.3333	3.0067	3.66	LinReg_NoSpike_v3	Global
Scala	2026-11-01	3.3333	3.0067	3.66	LinReg_NoSpike_v3	Global
Scala	2026-12-01	3.3333	3.0067	3.66	LinReg_NoSpike_v3	Global
Scala	2027-01-01	3.3333	3.0067	3.66	LinReg_NoSpike_v3	Global
Scala	2027-02-01	3.3333	3.0067	3.66	LinReg_NoSpike_v3	Global
Scala	2027-03-01	3.3333	3.0067	3.66	LinReg_NoSpike_v3	Global
Scala	2027-04-01	3.3333	3.0067	3.66	LinReg_NoSpike_v3	Global
Scala	2027-05-01	3.3333	3.0067	3.66	LinReg_NoSpike_v3	Global
Scala	2027-06-01	3.3333	3.0067	3.66	LinReg_NoSpike_v3	Global
Scala	2027-07-01	3.3333	3.0067	3.66	LinReg_NoSpike_v3	Global
Scala	2027-08-01	3.3333	3.0067	3.66	LinReg_NoSpike_v3	Global
Scala	2027-09-01	3.3333	3.0067	3.66	LinReg_NoSpike_v3	Global
Scala	2027-10-01	3.3333	3.0067	3.66	LinReg_NoSpike_v3	Global
Scala	2027-11-01	3.3333	3.0067	3.66	LinReg_NoSpike_v3	Global
Scala	2027-12-01	3.3333	3.0067	3.66	LinReg_NoSpike_v3	Global
Scrum	2025-05-01	18.9906	5.0616	32.9196	LinReg_NoSpike_v3	Global
Scrum	2025-06-01	18.3261	4.397	32.2551	LinReg_NoSpike_v3	Global
Scrum	2025-07-01	17.8209	3.8918	31.7499	LinReg_NoSpike_v3	Global
Scrum	2025-08-01	17.8249	3.8959	31.7539	LinReg_NoSpike_v3	Global
Scrum	2025-09-01	18.4932	4.5642	32.4223	LinReg_NoSpike_v3	Global
Scrum	2025-10-01	19.8029	5.8739	33.732	LinReg_NoSpike_v3	Global
Scrum	2025-11-01	21.6176	7.6886	35.5466	LinReg_NoSpike_v3	Global
Scrum	2025-12-01	23.5858	9.6567	37.5148	LinReg_NoSpike_v3	Global
Scrum	2026-01-01	25.3946	11.4655	39.3236	LinReg_NoSpike_v3	Global
Scrum	2026-02-01	26.7155	12.7865	40.6446	LinReg_NoSpike_v3	Global
Scrum	2026-03-01	27.3081	13.3791	41.2371	LinReg_NoSpike_v3	Global
Scrum	2026-04-01	27.302	13.373	41.231	LinReg_NoSpike_v3	Global
Scrum	2026-05-01	26.791	12.8619	40.72	LinReg_NoSpike_v3	Global
Scrum	2026-06-01	26.1264	12.1974	40.0555	LinReg_NoSpike_v3	Global
Scrum	2026-07-01	25.6212	11.6922	39.5502	LinReg_NoSpike_v3	Global
Scrum	2026-08-01	25.6252	11.6962	39.5543	LinReg_NoSpike_v3	Global
Scrum	2026-09-01	26.2936	12.3645	40.2226	LinReg_NoSpike_v3	Global
Scrum	2026-10-01	27.6033	13.6742	41.5323	LinReg_NoSpike_v3	Global
Scrum	2026-11-01	29.4179	15.4889	43.347	LinReg_NoSpike_v3	Global
Scrum	2026-12-01	31.3861	17.4571	45.3151	LinReg_NoSpike_v3	Global
Scrum	2027-01-01	33.1949	19.2659	47.124	LinReg_NoSpike_v3	Global
Scrum	2027-02-01	34.5159	20.5869	48.4449	LinReg_NoSpike_v3	Global
Scrum	2027-03-01	35.1084	21.1794	49.0375	LinReg_NoSpike_v3	Global
Scrum	2027-04-01	35.1024	21.1733	49.0314	LinReg_NoSpike_v3	Global
Scrum	2027-05-01	34.5913	20.6623	48.5204	LinReg_NoSpike_v3	Global
Scrum	2027-06-01	33.9268	19.9977	47.8558	LinReg_NoSpike_v3	Global
Scrum	2027-07-01	33.4216	19.4925	47.3506	LinReg_NoSpike_v3	Global
Scrum	2027-08-01	33.4256	19.4966	47.3546	LinReg_NoSpike_v3	Global
Scrum	2027-09-01	34.0939	20.1649	48.023	LinReg_NoSpike_v3	Global
Scrum	2027-10-01	35.4036	21.4746	49.3327	LinReg_NoSpike_v3	Global
Scrum	2027-11-01	37.2183	23.2893	51.1473	LinReg_NoSpike_v3	Global
Scrum	2027-12-01	38.6667	24.7376	52.5957	LinReg_NoSpike_v3	Global
Spark	2025-05-01	20.009	16.0637	23.9543	LinReg_NoSpike_v3	Global
Spark	2025-06-01	20.6045	16.6592	24.5499	LinReg_NoSpike_v3	Global
Spark	2025-07-01	20.9984	17.0531	24.9438	LinReg_NoSpike_v3	Global
Spark	2025-08-01	21.3187	17.3734	25.264	LinReg_NoSpike_v3	Global
Spark	2025-09-01	21.6495	17.7042	25.5948	LinReg_NoSpike_v3	Global
Spark	2025-10-01	22.0722	18.1269	26.0175	LinReg_NoSpike_v3	Global
Spark	2025-11-01	22.7071	18.7618	26.6524	LinReg_NoSpike_v3	Global
Spark	2025-12-01	23.5308	19.5855	27.4761	LinReg_NoSpike_v3	Global
Spark	2026-01-01	24.5563	20.611	28.5016	LinReg_NoSpike_v3	Global
Spark	2026-02-01	25.6786	21.7333	29.6239	LinReg_NoSpike_v3	Global
Spark	2026-03-01	26.7206	22.7753	30.666	LinReg_NoSpike_v3	Global
Spark	2026-04-01	27.7173	23.772	31.6626	LinReg_NoSpike_v3	Global
Spark	2026-05-01	28.5017	24.5564	32.447	LinReg_NoSpike_v3	Global
Spark	2026-06-01	29.0973	25.152	33.0426	LinReg_NoSpike_v3	Global
Spark	2026-07-01	29.4912	25.5459	33.4365	LinReg_NoSpike_v3	Global
Spark	2026-08-01	29.8114	25.8661	33.7567	LinReg_NoSpike_v3	Global
Spark	2026-09-01	30.0	26.0547	33.9453	LinReg_NoSpike_v3	Global
Spark	2026-10-01	30.0	26.0547	33.9453	LinReg_NoSpike_v3	Global
Spark	2026-11-01	30.0	26.0547	33.9453	LinReg_NoSpike_v3	Global
Spark	2026-12-01	30.0	26.0547	33.9453	LinReg_NoSpike_v3	Global
Spark	2027-01-01	30.0	26.0547	33.9453	LinReg_NoSpike_v3	Global
Spark	2027-02-01	30.0	26.0547	33.9453	LinReg_NoSpike_v3	Global
Spark	2027-03-01	30.0	26.0547	33.9453	LinReg_NoSpike_v3	Global
Spark	2027-04-01	30.0	26.0547	33.9453	LinReg_NoSpike_v3	Global
Spark	2027-05-01	30.0	26.0547	33.9453	LinReg_NoSpike_v3	Global
Spark	2027-06-01	30.0	26.0547	33.9453	LinReg_NoSpike_v3	Global
Spark	2027-07-01	30.0	26.0547	33.9453	LinReg_NoSpike_v3	Global
Spark	2027-08-01	30.0	26.0547	33.9453	LinReg_NoSpike_v3	Global
Spark	2027-09-01	30.0	26.0547	33.9453	LinReg_NoSpike_v3	Global
Spark	2027-10-01	30.0	26.0547	33.9453	LinReg_NoSpike_v3	Global
Spark	2027-11-01	30.0	26.0547	33.9453	LinReg_NoSpike_v3	Global
Spark	2027-12-01	30.0	26.0547	33.9453	LinReg_NoSpike_v3	Global
Swift	2025-05-01	16.7659	13.4922	20.0395	LinReg_NoSpike_v3	Global
Swift	2025-06-01	16.8184	13.5448	20.0921	LinReg_NoSpike_v3	Global
Swift	2025-07-01	16.8694	13.5958	20.143	LinReg_NoSpike_v3	Global
Swift	2025-08-01	17.124	13.8504	20.3976	LinReg_NoSpike_v3	Global
Swift	2025-09-01	17.6734	14.3997	20.947	LinReg_NoSpike_v3	Global
Swift	2025-10-01	18.5297	15.256	21.8033	LinReg_NoSpike_v3	Global
Swift	2025-11-01	19.6823	16.4087	22.956	LinReg_NoSpike_v3	Global
Swift	2025-12-01	20.9601	17.6864	24.2337	LinReg_NoSpike_v3	Global
Swift	2026-01-01	22.2394	18.9658	25.5131	LinReg_NoSpike_v3	Global
Swift	2026-02-01	23.3369	20.0633	26.6106	LinReg_NoSpike_v3	Global
Swift	2026-03-01	24.0743	20.8006	27.3479	LinReg_NoSpike_v3	Global
Swift	2026-04-01	24.5483	21.2746	27.8219	LinReg_NoSpike_v3	Global
Swift	2026-05-01	24.7259	21.4523	27.9995	LinReg_NoSpike_v3	Global
Swift	2026-06-01	24.7785	21.5049	28.0521	LinReg_NoSpike_v3	Global
Swift	2026-07-01	24.8294	21.5558	28.1031	LinReg_NoSpike_v3	Global
Swift	2026-08-01	25.084	21.8104	28.3577	LinReg_NoSpike_v3	Global
Swift	2026-09-01	25.6334	22.3598	28.907	LinReg_NoSpike_v3	Global
Swift	2026-10-01	26.0	22.7264	29.2736	LinReg_NoSpike_v3	Global
Swift	2026-11-01	26.0	22.7264	29.2736	LinReg_NoSpike_v3	Global
Swift	2026-12-01	26.0	22.7264	29.2736	LinReg_NoSpike_v3	Global
Swift	2027-01-01	26.0	22.7264	29.2736	LinReg_NoSpike_v3	Global
Swift	2027-02-01	26.0	22.7264	29.2736	LinReg_NoSpike_v3	Global
Swift	2027-03-01	26.0	22.7264	29.2736	LinReg_NoSpike_v3	Global
Swift	2027-04-01	26.0	22.7264	29.2736	LinReg_NoSpike_v3	Global
Swift	2027-05-01	26.0	22.7264	29.2736	LinReg_NoSpike_v3	Global
Swift	2027-06-01	26.0	22.7264	29.2736	LinReg_NoSpike_v3	Global
Swift	2027-07-01	26.0	22.7264	29.2736	LinReg_NoSpike_v3	Global
Swift	2027-08-01	26.0	22.7264	29.2736	LinReg_NoSpike_v3	Global
Swift	2027-09-01	26.0	22.7264	29.2736	LinReg_NoSpike_v3	Global
Swift	2027-10-01	26.0	22.7264	29.2736	LinReg_NoSpike_v3	Global
Swift	2027-11-01	26.0	22.7264	29.2736	LinReg_NoSpike_v3	Global
Swift	2027-12-01	26.0	22.7264	29.2736	LinReg_NoSpike_v3	Global
Tableau	2025-05-01	16.3526	5.7159	26.9894	LinReg_NoSpike_v3	Global
Tableau	2025-06-01	14.9018	4.265	25.5385	LinReg_NoSpike_v3	Global
Tableau	2025-07-01	13.7466	3.1099	24.3833	LinReg_NoSpike_v3	Global
Tableau	2025-08-01	13.3983	2.7616	24.0351	LinReg_NoSpike_v3	Global
Tableau	2025-09-01	14.097	3.4603	24.7338	LinReg_NoSpike_v3	Global
Tableau	2025-10-01	15.8023	5.1655	26.439	LinReg_NoSpike_v3	Global
Tableau	2025-11-01	18.2588	7.6221	28.8955	LinReg_NoSpike_v3	Global
Tableau	2025-12-01	20.935	10.2983	31.5718	LinReg_NoSpike_v3	Global
Tableau	2026-01-01	23.3156	12.6789	33.9523	LinReg_NoSpike_v3	Global
Tableau	2026-02-01	24.9094	14.2726	35.5461	LinReg_NoSpike_v3	Global
Tableau	2026-03-01	25.3959	14.7591	36.0326	LinReg_NoSpike_v3	Global
Tableau	2026-04-01	24.916	14.2793	35.5527	LinReg_NoSpike_v3	Global
Tableau	2026-05-01	23.6849	13.0482	34.3216	LinReg_NoSpike_v3	Global
Tableau	2026-06-01	22.234	11.5973	32.8708	LinReg_NoSpike_v3	Global
Tableau	2026-07-01	21.0789	10.4421	31.7156	LinReg_NoSpike_v3	Global
Tableau	2026-08-01	20.7306	10.0939	31.3673	LinReg_NoSpike_v3	Global
Tableau	2026-09-01	21.4293	10.7926	32.066	LinReg_NoSpike_v3	Global
Tableau	2026-10-01	23.1345	12.4978	33.7713	LinReg_NoSpike_v3	Global
Tableau	2026-11-01	25.591	14.9543	36.2278	LinReg_NoSpike_v3	Global
Tableau	2026-12-01	28.2673	17.6306	38.904	LinReg_NoSpike_v3	Global
Tableau	2027-01-01	30.6479	20.0111	41.2846	LinReg_NoSpike_v3	Global
Tableau	2027-02-01	32.2416	21.6049	42.8783	LinReg_NoSpike_v3	Global
Tableau	2027-03-01	32.7281	22.0914	43.3648	LinReg_NoSpike_v3	Global
Tableau	2027-04-01	32.2483	21.6115	42.885	LinReg_NoSpike_v3	Global
Tableau	2027-05-01	31.0171	20.3804	41.6539	LinReg_NoSpike_v3	Global
Tableau	2027-06-01	29.5663	18.9295	40.203	LinReg_NoSpike_v3	Global
Tableau	2027-07-01	28.4111	17.7744	39.0478	LinReg_NoSpike_v3	Global
Tableau	2027-08-01	28.0628	17.4261	38.6996	LinReg_NoSpike_v3	Global
Tableau	2027-09-01	28.7615	18.1248	39.3983	LinReg_NoSpike_v3	Global
Tableau	2027-10-01	30.4668	19.8301	41.1035	LinReg_NoSpike_v3	Global
Tableau	2027-11-01	32.9233	22.2866	43.56	LinReg_NoSpike_v3	Global
Tableau	2027-12-01	34.6667	24.0299	45.3034	LinReg_NoSpike_v3	Global
TensorFlow	2025-05-01	2.7797	0.0	6.354	LinReg_NoSpike_v3	Global
TensorFlow	2025-06-01	2.2771	0.0	5.8514	LinReg_NoSpike_v3	Global
TensorFlow	2025-07-01	2.0055	0.0	5.5798	LinReg_NoSpike_v3	Global
TensorFlow	2025-08-01	2.0591	0.0	5.6334	LinReg_NoSpike_v3	Global
TensorFlow	2025-09-01	2.4392	0.0	6.0135	LinReg_NoSpike_v3	Global
TensorFlow	2025-10-01	3.0595	0.0	6.6338	LinReg_NoSpike_v3	Global
TensorFlow	2025-11-01	3.7753	0.201	7.3496	LinReg_NoSpike_v3	Global
TensorFlow	2025-12-01	4.4083	0.834	7.9826	LinReg_NoSpike_v3	Global
TensorFlow	2026-01-01	4.8103	1.236	8.3846	LinReg_NoSpike_v3	Global
TensorFlow	2026-02-01	4.8892	1.3149	8.4635	LinReg_NoSpike_v3	Global
TensorFlow	2026-03-01	4.6352	1.0609	8.2095	LinReg_NoSpike_v3	Global
TensorFlow	2026-04-01	4.1452	0.5709	7.7196	LinReg_NoSpike_v3	Global
TensorFlow	2026-05-01	3.5598	0.0	7.1341	LinReg_NoSpike_v3	Global
TensorFlow	2026-06-01	3.0572	0.0	6.6315	LinReg_NoSpike_v3	Global
TensorFlow	2026-07-01	2.7856	0.0	6.3599	LinReg_NoSpike_v3	Global
TensorFlow	2026-08-01	2.8392	0.0	6.4135	LinReg_NoSpike_v3	Global
TensorFlow	2026-09-01	3.2193	0.0	6.7936	LinReg_NoSpike_v3	Global
TensorFlow	2026-10-01	3.8396	0.2653	7.4139	LinReg_NoSpike_v3	Global
TensorFlow	2026-11-01	4.5554	0.9811	8.1297	LinReg_NoSpike_v3	Global
TensorFlow	2026-12-01	5.1884	1.6141	8.7627	LinReg_NoSpike_v3	Global
TensorFlow	2027-01-01	5.5903	2.016	9.1646	LinReg_NoSpike_v3	Global
TensorFlow	2027-02-01	5.6693	2.0949	9.2436	LinReg_NoSpike_v3	Global
TensorFlow	2027-03-01	5.4153	1.841	8.9896	LinReg_NoSpike_v3	Global
TensorFlow	2027-04-01	4.9253	1.351	8.4996	LinReg_NoSpike_v3	Global
TensorFlow	2027-05-01	4.3399	0.7656	7.9142	LinReg_NoSpike_v3	Global
TensorFlow	2027-06-01	3.8373	0.263	7.4116	LinReg_NoSpike_v3	Global
TensorFlow	2027-07-01	3.5657	0.0	7.14	LinReg_NoSpike_v3	Global
TensorFlow	2027-08-01	3.6193	0.045	7.1936	LinReg_NoSpike_v3	Global
TensorFlow	2027-09-01	3.9994	0.4251	7.5737	LinReg_NoSpike_v3	Global
TensorFlow	2027-10-01	4.6197	1.0454	8.194	LinReg_NoSpike_v3	Global
TensorFlow	2027-11-01	5.3355	1.7612	8.9098	LinReg_NoSpike_v3	Global
TensorFlow	2027-12-01	5.9684	2.3941	9.5427	LinReg_NoSpike_v3	Global
TypeScript	2025-05-01	17.2061	12.7395	21.6727	LinReg_NoSpike_v3	Global
TypeScript	2025-06-01	18.3876	13.9209	22.8542	LinReg_NoSpike_v3	Global
TypeScript	2025-07-01	19.0188	14.5521	23.4854	LinReg_NoSpike_v3	Global
TypeScript	2025-08-01	19.145	14.6784	23.6116	LinReg_NoSpike_v3	Global
TypeScript	2025-09-01	18.8885	14.4219	23.3551	LinReg_NoSpike_v3	Global
TypeScript	2025-10-01	18.4741	14.0074	22.9407	LinReg_NoSpike_v3	Global
TypeScript	2025-11-01	18.2273	13.7606	22.6939	LinReg_NoSpike_v3	Global
TypeScript	2025-12-01	18.3489	13.8822	22.8155	LinReg_NoSpike_v3	Global
TypeScript	2026-01-01	19.0207	14.5541	23.4874	LinReg_NoSpike_v3	Global
TypeScript	2026-02-01	20.219	15.7523	24.6856	LinReg_NoSpike_v3	Global
TypeScript	2026-03-01	21.7358	17.2692	26.2025	LinReg_NoSpike_v3	Global
TypeScript	2026-04-01	22.0	17.5334	26.4666	LinReg_NoSpike_v3	Global
TypeScript	2026-05-01	22.0	17.5334	26.4666	LinReg_NoSpike_v3	Global
TypeScript	2026-06-01	22.0	17.5334	26.4666	LinReg_NoSpike_v3	Global
TypeScript	2026-07-01	22.0	17.5334	26.4666	LinReg_NoSpike_v3	Global
TypeScript	2026-08-01	22.0	17.5334	26.4666	LinReg_NoSpike_v3	Global
TypeScript	2026-09-01	22.0	17.5334	26.4666	LinReg_NoSpike_v3	Global
TypeScript	2026-10-01	22.0	17.5334	26.4666	LinReg_NoSpike_v3	Global
TypeScript	2026-11-01	22.0	17.5334	26.4666	LinReg_NoSpike_v3	Global
TypeScript	2026-12-01	22.0	17.5334	26.4666	LinReg_NoSpike_v3	Global
TypeScript	2027-01-01	22.0	17.5334	26.4666	LinReg_NoSpike_v3	Global
TypeScript	2027-02-01	22.0	17.5334	26.4666	LinReg_NoSpike_v3	Global
TypeScript	2027-03-01	22.0	17.5334	26.4666	LinReg_NoSpike_v3	Global
TypeScript	2027-04-01	22.0	17.5334	26.4666	LinReg_NoSpike_v3	Global
TypeScript	2027-05-01	22.0	17.5334	26.4666	LinReg_NoSpike_v3	Global
TypeScript	2027-06-01	22.0	17.5334	26.4666	LinReg_NoSpike_v3	Global
TypeScript	2027-07-01	22.0	17.5334	26.4666	LinReg_NoSpike_v3	Global
TypeScript	2027-08-01	22.0	17.5334	26.4666	LinReg_NoSpike_v3	Global
TypeScript	2027-09-01	22.0	17.5334	26.4666	LinReg_NoSpike_v3	Global
TypeScript	2027-10-01	22.0	17.5334	26.4666	LinReg_NoSpike_v3	Global
TypeScript	2027-11-01	22.0	17.5334	26.4666	LinReg_NoSpike_v3	Global
TypeScript	2027-12-01	22.0	17.5334	26.4666	LinReg_NoSpike_v3	Global
Vue.js	2025-05-01	10.9623	9.525	12.3996	LinReg_NoSpike_v3	Global
Vue.js	2025-06-01	12.0576	10.6203	13.4949	LinReg_NoSpike_v3	Global
Vue.js	2025-07-01	13.0269	11.5896	14.4643	LinReg_NoSpike_v3	Global
Vue.js	2025-08-01	13.7613	12.3239	15.1986	LinReg_NoSpike_v3	Global
Vue.js	2025-09-01	14.1736	12.7362	15.6109	LinReg_NoSpike_v3	Global
Vue.js	2025-10-01	14.2631	12.8257	15.7004	LinReg_NoSpike_v3	Global
Vue.js	2025-11-01	14.1566	12.7192	15.5939	LinReg_NoSpike_v3	Global
Vue.js	2025-12-01	13.9772	12.5399	15.4146	LinReg_NoSpike_v3	Global
Vue.js	2026-01-01	13.9239	12.4866	15.3613	LinReg_NoSpike_v3	Global
Vue.js	2026-02-01	14.1206	12.6833	15.558	LinReg_NoSpike_v3	Global
Vue.js	2026-03-01	14.5943	13.157	16.0316	LinReg_NoSpike_v3	Global
Vue.js	2026-04-01	14.6667	13.2293	16.104	LinReg_NoSpike_v3	Global
Vue.js	2026-05-01	14.6667	13.2293	16.104	LinReg_NoSpike_v3	Global
Vue.js	2026-06-01	14.6667	13.2293	16.104	LinReg_NoSpike_v3	Global
Vue.js	2026-07-01	14.6667	13.2293	16.104	LinReg_NoSpike_v3	Global
Vue.js	2026-08-01	14.6667	13.2293	16.104	LinReg_NoSpike_v3	Global
Vue.js	2026-09-01	14.6667	13.2293	16.104	LinReg_NoSpike_v3	Global
Vue.js	2026-10-01	14.6667	13.2293	16.104	LinReg_NoSpike_v3	Global
Vue.js	2026-11-01	14.6667	13.2293	16.104	LinReg_NoSpike_v3	Global
Vue.js	2026-12-01	14.6667	13.2293	16.104	LinReg_NoSpike_v3	Global
Vue.js	2027-01-01	14.6667	13.2293	16.104	LinReg_NoSpike_v3	Global
Vue.js	2027-02-01	14.6667	13.2293	16.104	LinReg_NoSpike_v3	Global
Vue.js	2027-03-01	14.6667	13.2293	16.104	LinReg_NoSpike_v3	Global
Vue.js	2027-04-01	14.6667	13.2293	16.104	LinReg_NoSpike_v3	Global
Vue.js	2027-05-01	14.6667	13.2293	16.104	LinReg_NoSpike_v3	Global
Vue.js	2027-06-01	14.6667	13.2293	16.104	LinReg_NoSpike_v3	Global
Vue.js	2027-07-01	14.6667	13.2293	16.104	LinReg_NoSpike_v3	Global
Vue.js	2027-08-01	14.6667	13.2293	16.104	LinReg_NoSpike_v3	Global
Vue.js	2027-09-01	14.6667	13.2293	16.104	LinReg_NoSpike_v3	Global
Vue.js	2027-10-01	14.6667	13.2293	16.104	LinReg_NoSpike_v3	Global
Vue.js	2027-11-01	14.6667	13.2293	16.104	LinReg_NoSpike_v3	Global
Vue.js	2027-12-01	14.6667	13.2293	16.104	LinReg_NoSpike_v3	Global
Windows	2025-05-01	42.0038	12.6799	71.3278	LinReg_NoSpike_v3	Global
Windows	2025-06-01	40.6904	11.3665	70.0143	LinReg_NoSpike_v3	Global
Windows	2025-07-01	39.7456	10.4216	69.0695	LinReg_NoSpike_v3	Global
Windows	2025-08-01	39.9194	10.5954	69.2433	LinReg_NoSpike_v3	Global
Windows	2025-09-01	41.5269	12.2029	70.8508	LinReg_NoSpike_v3	Global
Windows	2025-10-01	44.4991	15.1751	73.823	LinReg_NoSpike_v3	Global
Windows	2025-11-01	48.5364	19.2125	77.8603	LinReg_NoSpike_v3	Global
Windows	2025-12-01	52.8693	23.5453	82.1932	LinReg_NoSpike_v3	Global
Windows	2026-01-01	56.8335	27.5096	86.1575	LinReg_NoSpike_v3	Global
Windows	2026-02-01	59.7287	30.4048	89.0526	LinReg_NoSpike_v3	Global
Windows	2026-03-01	61.0416	31.7177	90.3656	LinReg_NoSpike_v3	Global
Windows	2026-04-01	61.0889	31.765	90.4128	LinReg_NoSpike_v3	Global
Windows	2026-05-01	60.071	30.7471	89.3949	LinReg_NoSpike_v3	Global
Windows	2026-06-01	58.7576	29.4337	88.0815	LinReg_NoSpike_v3	Global
Windows	2026-07-01	57.8127	28.4888	87.1367	LinReg_NoSpike_v3	Global
Windows	2026-08-01	57.9865	28.6626	87.3105	LinReg_NoSpike_v3	Global
Windows	2026-09-01	59.5941	30.2701	88.918	LinReg_NoSpike_v3	Global
Windows	2026-10-01	62.5662	33.2423	91.8902	LinReg_NoSpike_v3	Global
Windows	2026-11-01	66.6036	37.2796	95.9275	LinReg_NoSpike_v3	Global
Windows	2026-12-01	70.9364	41.6125	100.2604	LinReg_NoSpike_v3	Global
Windows	2027-01-01	74.9007	45.5768	104.2247	LinReg_NoSpike_v3	Global
Windows	2027-02-01	77.7959	48.4719	107.1198	LinReg_NoSpike_v3	Global
Windows	2027-03-01	79.1088	49.7849	108.4327	LinReg_NoSpike_v3	Global
Windows	2027-04-01	79.1561	49.8321	108.48	LinReg_NoSpike_v3	Global
Windows	2027-05-01	78.1382	48.8142	107.4621	LinReg_NoSpike_v3	Global
Windows	2027-06-01	76.8248	47.5008	106.1487	LinReg_NoSpike_v3	Global
Windows	2027-07-01	75.8799	46.556	105.2039	LinReg_NoSpike_v3	Global
Windows	2027-08-01	76.0537	46.7298	105.3776	LinReg_NoSpike_v3	Global
Windows	2027-09-01	77.6612	48.3373	106.9852	LinReg_NoSpike_v3	Global
Windows	2027-10-01	80.6334	51.3095	109.9573	LinReg_NoSpike_v3	Global
Windows	2027-11-01	84.6707	55.3468	113.9947	LinReg_NoSpike_v3	Global
Windows	2027-12-01	85.3333	56.0094	114.6573	LinReg_NoSpike_v3	Global
